year,region,regionid,mid,west,patant,new_dependent_ratio,new_dependent_ratio_young,new_dependent_ratio_old,dependent_ratio,dependent_ratio_young,dependent_ratio_old,gdp,gov,industry_2,industry_3
2015,北京,1,0,0,92305,8.76,4.57,4.19,26.2,12.8,13.5,23014.59,20.61204515,22.7,76.46
2015,天津,2,0,0,41009,12.13,6.41,5.72,25.7,12.7,12.9,16538.19,16.62191675,51.68,46.99
2015,河北,3,0,0,23241,16.49,10.95,5.55,39.7,25.5,14.2,29806.11,15.35066214,52.69,35.31
2015,山西,4,1,0,16786,12.39,8.22,4.17,32,19.9,12.1,12766.49,22.78129884,55.57,38.66
2015,内蒙古,5,0,1,4732,13.56,8.64,4.91,29.2,16.9,12.4,17831.51,21.57345639,55.42,35.46
2015,辽宁,6,0,0,41152,14.29,7.3,6.99,30.7,13.9,16.8,28669.02,18.34706233,53.25,38.07
2015,吉林,7,1,0,9171,11.87,7.27,4.6,29.7,15.5,14.2,14063.13,20.69813489,53.41,34.76
2015,黑龙江,8,1,0,30610,12.03,6.96,5.07,27.3,13.5,13.8,15083.67,23.16401759,44.1,40.47
2015,上海,9,0,0,82682,10.77,5.22,5.55,28.5,12,16.5,25123.45,20.73173149,38.92,60.45
2015,江苏,10,0,0,472656,16.32,8.72,7.61,35.6,18.4,17.2,70116.38,13.00018758,50.17,43.5
2015,浙江,11,0,0,249373,15.43,9.03,6.4,31.9,17,14.9,42886.49,12.005886,49.95,45.24
2015,安徽,12,1,0,74888,15.79,10.06,5.73,40.8,25,15.7,22005.63,23.01300542,54.64,32.7
2015,福建,13,0,0,42773,16.69,11.02,5.66,36.2,23.9,12.3,25979.82,13.23484477,51.71,39.27
2015,江西,14,1,0,12458,17.84,12.97,4.88,44,30.9,13,16723.78,23.31645671,53.62,34.64
2015,山东,15,0,0,128614,19.26,11.66,7.6,38.9,22.7,16.2,63002.33,11.80591379,51.46,39.98
2015,河南,16,1,0,43442,19.01,13.3,5.71,44.6,30.3,14.2,37002.16,16.91390779,56.33,30.94
2015,湖北,17,1,0,51316,15.19,8.61,6.58,35.9,20.6,15.3,29550.19,16.89759084,50.31,36.89
2015,湖南,18,1,0,35709,20.23,12.68,7.55,42.1,26.2,16,28902.21,18.59238619,47.42,39.02
2015,广东,19,0,0,229514,16.62,11.65,4.97,30.5,20.9,9.6,72812.55,12.94573203,48.54,46.47
2015,广西,20,0,1,13610,22.61,16.01,6.61,47.9,33.5,14.4,16803.12,22.90147371,47.93,35.41
2015,海南,21,0,0,1824,14.58,10.56,4.02,39.4,27.6,11.8,3702.76,31.92636069,28.17,46.91
2015,重庆,22,0,1,38924,17.94,10.05,7.89,40.6,21.9,18.7,15717.27,26.69997195,52.37,39.39
2015,四川,23,0,1,66312,17.39,10.07,7.33,40.5,22.3,18.2,30053.1,22.83347575,51.66,34.53
2015,贵州,24,0,1,11296,19.17,13.71,5.46,46.9,33,13.9,10502.56,40.21598903,39.08,47.91
2015,云南,25,0,1,9260,18.19,13.03,5.17,38,26.4,11.6,13619.17,34.65415778,42.87,41.09
2015,西藏,26,0,1,170,10.7,8.59,2.11,41.4,33.3,8.1,1026.39,129.1442592,34.64,53.89
2015,陕西,27,0,1,43608,13.95,8.41,5.55,34,20.2,13.9,18021.86,22.99621965,55.86,34.66
2015,甘肃,28,0,1,8261,15.92,10.22,5.7,36,23.3,12.7,6790.32,36.45109908,46.02,40.17
2015,青海,29,0,1,844,14.71,10.98,3.73,37.3,27.6,9.7,2417.05,61.21074812,57.69,32.97
2015,宁夏,30,0,1,1985,16.23,12.39,3.84,37.9,27.7,10.2,2911.77,36.91810925,49.52,41.96
2015,新疆,31,0,1,7044,15.73,11.81,3.92,40.7,30.7,10,9324.8,36.24194071,46.39,36.02
2014,北京,1,0,0,77955,8.72,4.34,4.38,23,12.5,10.5,21330.83,16.71998341,52.43,46.16
2014,天津,2,0,0,38489,10.9,5.69,5.22,29,13.9,15.1,15726.93,12.17658004,53.54,34.6
2014,河北,3,0,0,17595,15.39,10.51,4.88,38.8,25.8,12.9,29421.15,11.50378369,59.05,35.25
2014,山西,4,1,0,12769,13.06,8.82,4.24,30.5,19.4,11.1,12761.49,17.18666435,55.97,34.93
2014,内蒙古,5,0,1,3841,12.7,8.45,4.26,29.7,17.6,12.1,17770.19,15.83230501,54.67,36.71
2014,辽宁,6,0,0,37102,15.54,7.98,7.57,28.9,13.2,15.7,28626.58,14.37829277,53.09,34.82
2014,吉林,7,1,0,8196,13.11,7.79,5.32,28.8,15.7,13.1,13803.14,16.91057572,50.31,36.16
2014,黑龙江,8,1,0,23432,11.88,7.07,4.81,26.6,14.7,11.9,15039.38,17.90867907,41.3,58.05
2014,上海,9,0,0,80215,9.75,5,4.75,24.7,12.6,12.1,23567.7,17.20641456,51.32,42.44
2014,江苏,10,0,0,348381,15.57,8.49,7.07,34.8,18.6,16.3,65088.32,10.0061759,51.23,43.88
2014,浙江,11,0,0,177066,16.14,9.61,6.53,27.6,15.4,12.3,40173.03,9.925724461,54.31,32.52
2014,安徽,12,1,0,48556,17.15,10.84,6.31,39.5,24.9,14.5,20848.75,16.91176519,51.65,39.17
2014,福建,13,0,0,32325,16.26,10.94,5.32,33.7,23.5,10.1,24055.76,9.653033169,54.61,33.51
2014,江西,14,1,0,9673,18.55,13.69,4.86,42.8,29.6,13.2,15714.63,16.4341586,52.95,38.29
2014,山东,15,0,0,109599,19.16,11.32,7.84,37.5,21.7,15.8,59426.59,9.137700513,57.28,29.67
2014,河南,16,1,0,34076,19.16,13.45,5.71,42.2,29.8,12.5,34938.24,12.68477292,50,36.91
2014,湖北,17,1,0,42510,14.88,8.72,6.16,35.6,21.7,13.9,27379.22,12.7412738,47.6,38.33
2014,湖南,18,1,0,29516,19.51,12.31,7.21,41.2,25.8,15.4,27037.32,13.73940241,49.7,45.29
2014,广东,19,0,0,196272,17.23,12.48,4.75,32.9,21.9,11,67809.85,10.18889583,48.42,34.11
2014,广西,20,0,1,8106,21.84,15.23,6.62,45.8,31.9,13.9,15672.89,17.12833604,28.32,45.54
2014,海南,21,0,0,1489,14.31,10.63,3.67,36.4,26,10.5,3500.72,23.04472263,55.37,36.2
2014,重庆,22,0,1,32039,17.13,9.65,7.47,41.6,21.6,20,14262.6,17.07099028,52.45,33.36
2014,四川,23,0,1,49734,18.24,10.47,7.78,43.3,23.2,20,28536.66,20.25036763,38.48,48.78
2014,贵州,24,0,1,8351,20.32,14.76,5.56,45.6,32.2,13.4,9266.39,28.61321959,42.51,41.63
2014,云南,25,0,1,7150,17.9,12.85,5.05,38.3,26.2,12.1,12814.59,25.70211579,34.46,53.24
2014,西藏,26,0,1,263,10.47,8.66,1.81,43,35.1,7.9,920.83,90.95620884,55.43,34.81
2014,陕西,27,0,1,32227,14.13,9.03,5.1,34.3,20,14.3,17689.94,17.73319054,47.36,39.12
2014,甘肃,28,0,1,5287,16.8,11,5.8,33.9,21.9,12,6836.82,29.25242562,58.38,32.34
2014,青海,29,0,1,732,13.32,10.34,2.98,34.1,24.5,9.5,2303.32,44.50324465,50.24,41
2014,宁夏,30,0,1,1079,14.63,11.59,3.03,36.1,26.8,9.2,2752.1,26.52113728,48.8,33.97
2014,新疆,31,0,1,4736,14.98,11.25,3.73,38.9,29.4,9.5,9273.46,25.70192359,24.01,75.11
2013,北京,1,0,0,57296,8.97,4.45,4.51,22.7,12.2,10.5,19800.81,16.43357532,52.5,34.93
2013,天津,2,0,0,25973,9.02,4.82,4.2,29.3,14.5,14.8,14442.01,12.18800667,56.89,37.09
2013,河北,3,0,0,12295,14.42,9.68,4.74,36.9,24.4,12.6,28442.95,11.51103006,54.56,36.06
2013,山西,4,1,0,7927,13.71,9.5,4.21,31.1,20.6,10.5,12665.25,16.97346444,54.05,37.11
2013,内蒙古,5,0,1,2912,13.41,8.73,4.69,28.7,17.7,11,16916.5,16.50819483,51.99,35.89
2013,辽宁,6,0,0,34216,14.29,7.51,6.78,26,13.1,12.9,27213.22,14.53295314,50.19,37.24
2013,吉林,7,1,0,6445,12.12,7.13,4.99,27.3,15,12.3,13046.4,17.06599997,42.05,57.28
2013,黑龙江,8,1,0,10269,11.88,7.01,4.86,26.5,15.2,11.3,14454.91,18.1098509,52.51,41.35
2013,上海,9,0,0,71196,12.19,5.6,6.59,25,11.7,13.3,21818.15,17.41613354,51.58,43.52
2013,江苏,10,0,0,235873,14.93,8.13,6.8,34.4,17.9,16.5,59753.37,9.697809174,52.08,33.93
2013,浙江,11,0,0,120742,16.72,9.79,6.92,26.8,15.1,11.7,37756.58,9.571167049,51.05,39.7
2013,安徽,12,1,0,47128,16.57,10.52,6.05,40.8,26,14.8,19229.34,17.33040302,54.2,33.03
2013,福建,13,0,0,21994,16.88,11.18,5.7,33.4,22.5,10.9,21868.49,9.580052276,54.22,36.62
2013,江西,14,1,0,6307,18.96,14.08,4.89,40.3,27.6,12.6,14410.19,16.5308562,57.28,28.62
2013,山东,15,0,0,80856,18.26,11.24,7.03,36,21,14.9,55230.32,8.342298376,48.64,37.91
2013,河南,16,1,0,25149,19.13,13.68,5.45,42.2,29.5,12.7,32191.3,12.58322233,45.79,39.71
2013,湖北,17,1,0,31311,13.32,8.06,5.26,33.1,19.9,13.2,24791.83,13.09477436,50.02,45.01
2013,湖南,18,1,0,22381,18.83,12.12,6.72,40.5,25.7,14.9,24621.67,13.78257709,47.14,35.35
2013,广东,19,0,0,152907,16.8,11.98,4.82,31.5,21.9,9.5,62474.79,9.419874922,27.66,46.19
2013,广西,20,0,1,5117,20.14,14.13,6.01,44.4,31,13.4,14449.9,16.94720189,55,36.35
2013,海南,21,0,0,1019,14.79,10.51,4.29,36.8,25.6,11.2,3177.56,23.54383144,50.46,35.09
2013,重庆,22,0,1,22825,16.84,9.97,6.87,40.6,21.9,18.6,12783.26,16.30281695,39.11,47.31
2013,四川,23,0,1,40230,17.39,10.57,6.82,41.5,23.4,18.1,26392.07,20.89390288,44.62,40.04
2013,贵州,24,0,1,4414,20.5,15.25,5.26,45.7,32.2,13.5,8086.86,29.81785509,32.3,54.16
2013,云南,25,0,1,5645,18.58,13.58,5,39,27.8,11.1,11832.31,27.0250672,53.8,36.44
2013,西藏,26,0,1,162,10.76,8.9,1.86,39.7,32.5,7.2,815.67,92.6441887,48.17,37.29
2013,陕西,27,0,1,22949,13.52,8.56,4.96,33.2,20.1,13.1,16205.45,18.19175619,55.14,34.87
2013,甘肃,28,0,1,3558,15.45,10.63,4.82,34.8,22.8,12,6330.69,30.24405023,49,41.57
2013,青海,29,0,1,602,13.62,10.46,3.15,37.1,27.2,9.8,2122.06,36.04375643,47.67,32.49
2013,宁夏,30,0,1,739,15.69,12.08,3.61,37.6,27.9,9.7,2577.57,25.58887344,23.5,75.53
2013,新疆,31,0,1,3560,14.97,11.36,3.6,37.4,28.6,8.8,8443.84,24.77094126,53.02,45.27
2012,北京,1,0,0,92305,8.76,4.57,4.19,21.91,11.43,10.48,17879.4,20.61204515,22.7,76.46
2012,天津,2,0,0,41009,12.13,6.41,5.72,28.52,15.08,13.44,12893.88,16.62191675,51.68,46.99
2012,河北,3,0,0,23241,16.49,10.95,5.55,37.06,24.6,12.46,26575.01,15.35066214,52.69,35.31
2012,山西,4,1,0,16786,12.39,8.22,4.17,31.01,20.58,10.44,12112.83,22.78129884,55.57,38.66
2012,内蒙古,5,0,1,4732,13.56,8.64,4.91,27.76,17.7,10.06,15880.58,21.57345639,55.42,35.46
2012,辽宁,6,0,0,41152,14.29,7.3,6.99,25.5,13.03,12.47,24846.43,18.34706233,53.25,38.07
2012,吉林,7,1,0,9171,11.87,7.27,4.6,24.98,15.31,9.67,11939.24,20.69813489,53.41,34.76
2012,黑龙江,8,1,0,30610,12.03,6.96,5.07,26.52,15.34,11.18,13691.58,23.16401759,44.1,40.47
2012,上海,9,0,0,82682,10.77,5.22,5.55,21.18,10.26,10.92,20181.72,20.73173149,38.92,60.45
2012,江苏,10,0,0,472656,16.32,8.72,7.61,32.73,17.48,15.26,54058.22,13.00018758,50.17,43.5
2012,浙江,11,0,0,249373,15.43,9.03,6.4,26.72,15.63,11.09,34665.33,12.005886,49.95,45.24
2012,安徽,12,1,0,74888,15.79,10.06,5.73,39.72,25.3,14.42,17212.05,23.01300542,54.64,32.7
2012,福建,13,0,0,42773,16.69,11.02,5.66,33.89,22.39,11.5,19701.78,13.23484477,51.71,39.27
2012,江西,14,1,0,12458,17.84,12.97,4.88,42.05,30.56,11.49,12948.88,23.31645671,53.62,34.64
2012,山东,15,0,0,128614,19.26,11.66,7.6,36.33,22,14.33,50013.24,11.80591379,51.46,39.98
2012,河南,16,1,0,43442,19.01,13.3,5.71,41.59,29.1,12.49,29599.31,16.91390779,56.33,30.94
2012,湖北,17,1,0,51316,15.19,8.61,6.58,33.06,18.74,14.32,22250.45,16.89759084,50.31,36.89
2012,湖南,18,1,0,35709,20.23,12.68,7.55,42.35,26.54,15.81,22154.23,18.59238619,47.42,39.02
2012,广东,19,0,0,229514,16.62,11.65,4.97,30.47,21.36,9.11,57067.92,12.94573203,48.54,46.47
2012,广西,20,0,1,13610,22.61,16.01,6.61,46.87,33.17,13.7,13035.1,22.90147371,47.93,35.41
2012,海南,21,0,0,1824,14.58,10.56,4.02,35.82,25.93,9.89,2855.54,31.92636069,28.17,46.91
2012,重庆,22,0,1,38924,17.94,10.05,7.89,41.5,23.24,18.26,11409.6,26.69997195,52.37,39.39
2012,四川,23,0,1,66312,17.39,10.07,7.33,38.97,22.56,16.42,23872.8,22.83347575,51.66,34.53
2012,贵州,24,0,1,11296,19.17,13.71,5.46,47.33,33.84,13.49,6852.2,40.21598903,39.08,47.91
2012,云南,25,0,1,9260,18.19,13.03,5.17,37.57,26.91,10.67,10309.47,34.65415778,42.87,41.09
2012,西藏,26,0,1,170,10.7,8.59,2.11,37.99,30.49,7.5,701.03,129.1442592,34.64,53.89
2012,陕西,27,0,1,43608,13.95,8.41,5.55,30.44,18.34,12.1,14453.68,22.99621965,55.86,34.66
2012,甘肃,28,0,1,8261,15.92,10.22,5.7,34.75,22.3,12.45,5650.2,36.45109908,46.02,40.17
2012,青海,29,0,1,844,14.71,10.98,3.73,38.17,28.48,9.69,1893.54,61.21074812,57.69,32.97
2012,宁夏,30,0,1,1985,16.23,12.39,3.84,38.88,29.68,9.2,2341.29,36.91810925,49.52,41.96
2012,新疆,31,0,1,7044,15.73,11.81,3.92,37.53,28.19,9.34,7505.31,36.24194071,46.39,36.02
2011,北京,1,0,0,77955,8.72,4.34,4.38,21.31,10.62,10.7,16251.93,16.71998341,52.43,46.16
2011,天津,2,0,0,38489,10.9,5.69,5.22,25.66,13.39,12.27,11307.28,12.17658004,53.54,34.6
2011,河北,3,0,0,17595,15.39,10.51,4.88,34.72,23.72,11,24515.76,11.50378369,59.05,35.25
2011,山西,4,1,0,12769,13.06,8.82,4.24,31.45,21.24,10.21,11237.55,17.18666435,55.97,34.93
2011,内蒙古,5,0,1,3841,12.7,8.45,4.26,25.89,17.22,8.67,14359.88,15.83230501,54.67,36.71
2011,辽宁,6,0,0,37102,15.54,7.98,7.57,28.42,14.59,13.84,22226.7,14.37829277,53.09,34.82
2011,吉林,7,1,0,8196,13.11,7.79,5.32,27.27,16.19,11.07,10568.83,16.91057572,50.31,36.16
2011,黑龙江,8,1,0,23432,11.88,7.07,4.81,24.58,14.62,9.96,12582,17.90867907,41.3,58.05
2011,上海,9,0,0,80215,9.75,5,4.75,19.27,9.88,9.39,19195.69,17.20641456,51.32,42.44
2011,江苏,10,0,0,348381,15.57,8.49,7.07,31.24,17.05,14.2,49110.27,10.0061759,51.23,43.88
2011,浙江,11,0,0,177066,16.14,9.61,6.53,26.87,16,10.87,32318.85,9.925724461,54.31,32.52
2011,安徽,12,1,0,48556,17.15,10.84,6.31,39.85,25.2,14.65,15300.65,16.91176519,51.65,39.17
2011,福建,13,0,0,32325,16.26,10.94,5.32,30.6,20.58,10.02,17560.18,9.653033169,54.61,33.51
2011,江西,14,1,0,9673,18.55,13.69,4.86,41.03,30.28,10.75,11702.82,16.4341586,52.95,38.29
2011,山东,15,0,0,109599,19.16,11.32,7.84,35.65,21.06,14.59,45361.85,9.137700513,57.28,29.67
2011,河南,16,1,0,34076,19.16,13.45,5.71,41.91,29.43,12.49,26931.03,12.68477292,50,36.91
2011,湖北,17,1,0,42510,14.88,8.72,6.16,32.3,18.93,13.38,19632.26,12.7412738,47.6,38.33
2011,湖南,18,1,0,29516,19.51,12.31,7.21,39.63,24.99,14.63,19669.56,13.73940241,49.7,45.29
2011,广东,19,0,0,196272,17.23,12.48,4.75,31.21,22.61,8.6,53210.28,10.18889583,48.42,34.11
2011,广西,20,0,1,8106,21.84,15.23,6.62,45.99,32.07,13.93,11720.87,17.12833604,28.32,45.54
2011,海南,21,0,0,1489,14.31,10.63,3.67,36.61,27.21,9.4,2522.66,23.04472263,55.37,36.2
2011,重庆,22,0,1,32039,17.13,9.65,7.47,39.78,22.42,17.36,10011.37,17.07099028,52.45,33.36
2011,四川,23,0,1,49734,18.24,10.47,7.78,39.34,22.57,16.77,21026.68,20.25036763,38.48,48.78
2011,贵州,24,0,1,8351,20.32,14.76,5.56,49.85,36.21,13.64,5701.84,28.61321959,42.51,41.63
2011,云南,25,0,1,7150,17.9,12.85,5.05,37.47,26.91,10.56,8893.12,25.70211579,34.46,53.24
2011,西藏,26,0,1,263,10.47,8.66,1.81,38.7,32,6.71,605.83,90.95620884,55.43,34.81
2011,陕西,27,0,1,32227,14.13,9.03,5.1,30.74,19.64,11.1,12512.3,17.73319054,47.36,39.12
2011,甘肃,28,0,1,5287,16.8,11,5.8,34.74,22.74,12,5020.37,29.25242562,58.38,32.34
2011,青海,29,0,1,732,13.32,10.34,2.98,36.04,27.98,8.06,1670.44,44.50324465,50.24,41
2011,宁夏,30,0,1,1079,14.63,11.59,3.03,35.87,28.43,7.44,2102.21,26.52113728,48.8,33.97
2011,新疆,31,0,1,4736,14.98,11.25,3.73,36.15,27.16,9,6610.05,25.70192359,24.01,75.11
2010,北京,1,0,0,57296,8.97,4.45,4.51,20.94,10.41,10.54,14113.58,16.43357532,52.5,34.93
2010,天津,2,0,0,25973,9.02,4.82,4.2,22.42,11.99,10.43,9224.46,12.18800667,56.89,37.09
2010,河北,3,0,0,12295,14.42,9.68,4.74,33.46,22.46,10.99,20394.26,11.51103006,54.56,36.06
2010,山西,4,1,0,7927,13.71,9.5,4.21,32.75,22.7,10.06,9200.86,16.97346444,54.05,37.11
2010,内蒙古,5,0,1,2912,13.41,8.73,4.69,27.6,17.96,9.65,11672,16.50819483,51.99,35.89
2010,辽宁,6,0,0,34216,14.29,7.51,6.78,27.76,14.59,13.17,18457.27,14.53295314,50.19,37.24
2010,吉林,7,1,0,6445,12.12,7.13,4.99,25.59,15.06,10.53,8667.58,17.06599997,42.05,57.28
2010,黑龙江,8,1,0,10269,11.88,7.01,4.86,25.35,14.97,10.38,10368.6,18.1098509,52.51,41.35
2010,上海,9,0,0,71196,12.19,5.6,6.59,23.06,10.6,12.46,17165.98,17.41613354,51.58,43.52
2010,江苏,10,0,0,235873,14.93,8.13,6.8,31.39,17.09,14.3,41425.48,9.697809174,52.08,33.93
2010,浙江,11,0,0,120742,16.72,9.79,6.92,29.11,17.05,12.05,27722.31,9.571167049,51.05,39.7
2010,安徽,12,1,0,47128,16.57,10.52,6.05,38.89,24.69,14.2,12359.33,17.33040302,54.2,33.03
2010,福建,13,0,0,21994,16.88,11.18,5.7,30.48,20.18,10.3,14737.12,9.580052276,54.22,36.62
2010,江西,14,1,0,6307,18.96,14.08,4.89,41.86,31.07,10.78,9451.26,16.5308562,57.28,28.62
2010,山东,15,0,0,80856,18.26,11.24,7.03,34.37,21.15,13.23,39169.92,8.342298376,48.64,37.91
2010,河南,16,1,0,25149,19.13,13.68,5.45,41.56,29.73,11.83,23092.36,12.58322233,45.79,39.71
2010,湖北,17,1,0,31311,13.32,8.06,5.26,29.87,18.07,11.8,15967.61,13.09477436,50.02,45.01
2010,湖南,18,1,0,22381,18.83,12.12,6.72,37.72,24.27,13.46,16037.96,13.78257709,47.14,35.35
2010,广东,19,0,0,152907,16.8,11.98,4.82,31.01,22.11,8.9,46013.06,9.419874922,27.66,46.19
2010,广西,20,0,1,5117,20.14,14.13,6.01,44.82,31.44,13.38,9569.85,16.94720189,55,36.35
2010,海南,21,0,0,1019,14.79,10.51,4.29,38.6,27.42,11.18,2064.5,23.54383144,50.46,35.09
2010,重庆,22,0,1,22825,16.84,9.97,6.87,40.29,23.85,16.45,7925.58,16.30281695,39.11,47.31
2010,四川,23,0,1,40230,17.39,10.57,6.82,38.73,23.54,15.19,17185.48,20.89390288,44.62,40.04
2010,贵州,24,0,1,4414,20.5,15.25,5.26,51.45,38.26,13.19,4602.16,29.81785509,32.3,54.16
2010,云南,25,0,1,5645,18.58,13.58,5,39.57,28.93,10.64,7224.18,27.0250672,53.8,36.44
2010,西藏,26,0,1,162,10.76,8.9,1.86,41.77,34.55,7.22,507.46,92.6441887,48.17,37.29
2010,陕西,27,0,1,22949,13.52,8.56,4.96,30.27,19.16,11.11,10123.48,18.19175619,55.14,34.87
2010,甘肃,28,0,1,3558,15.45,10.63,4.82,35.85,24.67,11.18,4120.75,30.24405023,49,41.57
2010,青海,29,0,1,602,13.62,10.46,3.15,37.41,28.75,8.66,1350.43,36.04375643,47.67,32.49
2010,宁夏,30,0,1,739,15.69,12.08,3.61,38.47,29.62,8.85,1689.65,25.58887344,23.5,75.53
2010,新疆,31,0,1,3560,14.97,11.36,3.6,36.86,27.99,8.87,5437.47,24.77094126,53.02,45.27
2009,北京,1,0,0,50236,12.17,6.03,6.14,25.01,12.39,12.62,12153.03,16.12178774,54.28,39.23
2009,天津,2,0,0,19624,13.01,6.2,6.8,26.75,12.76,13.99,7521.85,11.53605164,52.5,37.95
2009,河北,3,0,0,11361,17.45,11.35,6.09,33.98,22.12,11.87,17235.48,10.91741918,51.97,38.73
2009,山西,4,1,0,6822,17.41,11.85,5.56,33.94,23.11,10.83,7358.31,17.87118917,48.66,37.87
2009,内蒙古,5,0,1,2484,17.24,10.82,6.43,29.35,18.41,10.94,9740.25,14.93363312,47.29,39.27
2009,辽宁,6,0,0,25803,17.51,8.58,8.93,29.1,14.25,14.85,15212.49,14.15570232,39.89,59.36
2009,吉林,7,1,0,5934,14.44,8.35,6.09,26.67,15.42,11.26,7278.75,16.21325502,53.88,39.55
2009,黑龙江,8,1,0,9014,14.21,8.35,5.86,26.58,15.61,10.96,8587,17.96087574,51.8,43.14
2009,上海,9,0,0,62241,16.56,5.78,10.78,27.62,9.64,17.97,15046.45,17.23938936,48.75,36.39
2009,江苏,10,0,0,174329,19.79,10.53,9.26,34.62,18.42,16.2,34457.3,9.424687076,49.08,41.26
2009,浙江,11,0,0,108482,22.03,12.24,9.79,33.2,18.45,14.75,22990.35,9.606533176,51.2,34.45
2009,安徽,12,1,0,16386,21.45,14.05,7.4,41.66,27.28,14.38,10062.82,16.36842654,55.76,34.72
2009,福建,13,0,0,17559,25.13,15.83,9.3,37.19,23.43,13.76,12236.53,9.29770041,56.52,29.26
2009,江西,14,1,0,5224,23.31,17.05,6.26,43.02,31.47,11.55,7655.18,15.80724425,46.59,39.56
2009,山东,15,0,0,66857,21.37,13.17,8.2,34.05,20.99,13.06,33896.65,7.979140417,43.55,41.37
2009,河南,16,1,0,19589,21.61,14.76,6.85,38.97,26.63,12.35,19480.46,11.71229683,49.19,45.72
2009,湖北,17,1,0,27206,18.36,10.78,7.58,32.69,19.19,13.5,12961.1,12.73253273,43.58,37.62
2009,湖南,18,1,0,15948,22.7,13.76,8.93,39.66,24.05,15.61,13059.69,13.51659113,26.81,45.25
2009,广东,19,0,0,125673,20.67,14.44,6.23,33.01,23.06,9.95,39482.56,9.570220624,52.81,37.89
2009,广西,20,0,1,4277,23.53,16.37,7.16,44.05,30.63,13.41,7759.16,16.71714464,47.43,36.74
2009,海南,21,0,0,1040,19.8,13.85,5.95,41.23,28.84,12.39,1654.21,21.63998525,37.74,48.2
2009,重庆,22,0,1,13482,22.08,13.55,8.53,42.78,26.25,16.53,6530.01,15.55910634,41.86,40.84
2009,四川,23,0,1,33047,22.78,13.33,9.45,41.65,24.38,17.28,14151.28,20.8378811,30.96,54.57
2009,贵州,24,0,1,3709,25.12,18.83,6.28,49.41,37.05,12.36,3912.68,26.93274686,51.85,38.48
2009,云南,25,0,1,4633,23.71,16.94,6.77,43.06,30.76,12.3,6169.75,23.82979537,45.08,40.24
2009,西藏,26,0,1,195,11.48,8.48,3,36.57,27,9.56,441.36,86.24680533,53.21,36.86
2009,陕西,27,0,1,15570,18.7,11.51,7.19,34.64,21.32,13.32,8169.8,17.48538275,48.94,41.66
2009,甘肃,28,0,1,2676,19.76,13.71,6.05,37.41,25.95,11.46,3387.56,28.5879394,45.11,37.12
2009,青海,29,0,1,499,17.05,12.78,4.26,38.81,29.1,9.71,1081.27,33.62666124,25.68,73.25
2009,宁夏,30,0,1,1277,19.16,14.53,4.62,39.22,29.75,9.47,1353.31,23.98610813,60.13,37.94
2009,新疆,31,0,1,2872,19.56,14.88,4.67,38.63,29.4,9.23,4277.05,24.76856244,54.22,33.21
2008,北京,1,0,0,43508,11.21,5.44,5.77,24.99,12.13,12.86,11115,14.84032659,55.03,33.29
2008,天津,2,0,0,18230,13.74,6.41,7.33,29.92,13.96,15.96,6719.01,10.0360946,55.8,34.52
2008,河北,3,0,0,9128,17.39,11.26,6.13,32.98,21.36,11.62,16011.97,9.409511759,47.7,38.02
2008,山西,4,1,0,5386,16.66,11.63,5.03,35.28,24.62,10.66,7315.4,14.35222681,52.54,34.36
2008,内蒙古,5,0,1,2221,18,11.65,6.34,29.89,19.36,10.53,8496.2,12.73869965,45.52,53.66
2008,辽宁,6,0,0,20893,17.33,8.96,8.37,30.66,15.85,14.81,13668.58,12.90756245,54.97,38.1
2008,吉林,7,1,0,5536,14.87,8.51,6.35,27.16,15.55,11.61,6426.1,13.75266024,53.89,41.01
2008,黑龙江,8,1,0,7974,14.79,8.61,6.18,27.92,16.26,11.67,8314.37,14.27974819,46.62,37.4
2008,上海,9,0,0,52835,16.3,6.15,10.15,26.49,10,16.5,14069.87,15.50602813,50.04,39.26
2008,江苏,10,0,0,128002,18.86,10.18,8.68,34.22,18.46,15.75,30981.98,8.242603281,52.7,30.94
2008,浙江,11,0,0,89931,20.68,11.75,8.93,32.75,18.61,14.14,21462.69,8.418296122,56.97,33.37
2008,安徽,12,1,0,10409,21.58,14.07,7.51,44.63,29.09,15.54,8851.66,14.05198799,56.92,28.63
2008,福建,13,0,0,13181,24.3,15.54,8.76,38.39,24.55,13.83,10823.01,8.413968018,44.22,37.79
2008,江西,14,1,0,3746,21.94,16.03,5.92,45.11,32.94,12.17,6971.05,12.98309724,43.81,40.48
2008,山东,15,0,0,60247,21.69,13.34,8.35,33.94,20.88,13.06,30933.28,7.312026077,51.55,42.93
2008,河南,16,1,0,19090,19.88,14.26,5.62,38.25,27.43,10.82,18018.53,10.38160993,42.36,37.37
2008,湖北,17,1,0,21147,18.81,11.13,7.68,33,19.53,13.47,11328.92,11.27491147,29.77,40.24
2008,湖南,18,1,0,14016,21.32,13.07,8.24,37.33,22.89,14.43,11555,11.74410212,47.74,40.97
2008,广东,19,0,0,103883,21.3,15.12,6.18,35.19,24.98,10.22,36796.71,8.586556516,46.3,34.78
2008,广西,20,0,1,3884,24.29,17.01,7.28,45.37,31.77,13.6,7021,14.04277596,42.26,41.3
2008,海南,21,0,0,873,21.08,14.89,6.19,43.85,30.97,12.88,1503.06,16.3131678,43,39.09
2008,重庆,22,0,1,8324,22.45,13.78,8.67,44.87,27.55,17.33,5793.66,13.26257668,29.24,55.48
2008,四川,23,0,1,24335,21.13,12.73,8.4,40.45,24.37,16.08,12601.23,13.95998962,56.08,32.92
2008,贵州,24,0,1,2943,25.42,19.36,6.05,51.94,39.57,12.37,3561.56,22.33288222,46.33,39.12
2008,云南,25,0,1,4089,23.53,17.35,6.17,42.88,31.62,11.25,5692.12,19.94366774,55.06,33.96
2008,西藏,26,0,1,350,9.84,7.55,2.29,40.09,30.75,9.34,394.85,69.73995188,52.91,36.15
2008,陕西,27,0,1,11898,18.97,11.98,6.99,35.2,22.24,12.97,7314.58,14.4091185,49.64,33.91
2008,甘肃,28,0,1,2178,20.93,14.99,5.93,40.46,28.99,11.47,3166.82,21.3254053,26.83,72.09
2008,青海,29,0,1,431,17.34,13.18,4.16,40.03,30.44,9.59,1018.62,27.70408003,57.27,40.54
2008,宁夏,30,0,1,1087,19.69,15.35,4.34,41.55,32.39,9.16,1203.92,20.08891787,52.82,34.01
2008,新疆,31,0,1,2412,18.15,13.51,4.64,39.12,29.12,10,4183.21,19.00822574,59.98,35.32
2007,北京,1,0,0,31680,11.5,5.58,5.91,24.72,12.01,12.72,9846.81,13.17014241,53.1,36.62
2007,天津,2,0,0,15744,12.36,6.32,6.04,28.54,14.59,13.95,5252.76,10.3397433,46.84,38.33
2007,河北,3,0,0,7853,17.53,11.47,6.06,34.44,22.52,11.91,13607.32,8.674441404,52.31,34.74
2007,山西,4,1,0,3333,16.55,12.05,4.5,36.67,26.69,9.98,6024.45,15.19756658,46.59,52.58
2007,内蒙古,5,0,1,2015,16.62,10.93,5.69,31.33,20.61,10.73,6423.18,12.64378392,55.58,37.37
2007,辽宁,6,0,0,19518,14.95,8.13,6.82,30.4,16.53,13.87,11164.3,12.74371971,54.04,40.71
2007,吉林,7,1,0,5251,14.03,8.39,5.64,28.07,16.79,11.28,5284.69,13.59320603,44.66,39.04
2007,黑龙江,8,1,0,7242,13.76,8.19,5.57,28.36,16.89,11.48,7104,13.63352337,49.19,39.98
2007,上海,9,0,0,47205,16.67,5.98,10.69,28.56,10.24,18.32,12494.01,14.37141478,51.65,31.88
2007,江苏,10,0,0,88950,17.39,9.76,7.63,34.07,19.12,14.95,26018.48,7.737770231,56.91,33.43
2007,浙江,11,0,0,68933,18.81,10.9,7.91,33.86,19.62,14.23,18753.73,7.848354967,55.17,30.05
2007,安徽,12,1,0,6070,20.49,13.63,6.86,45.72,30.41,15.31,7360.92,12.77330687,42.57,39.75
2007,福建,13,0,0,11341,22.42,14.26,8.16,38.28,24.35,13.94,9248.53,7.87906078,42.97,42.1
2007,江西,14,1,0,3548,19.78,14.18,5.6,46.19,33.11,13.08,5800.25,12.00700142,51.28,43.27
2007,山东,15,0,0,46849,19.11,11.71,7.4,33.61,20.59,13.02,25776.91,7.1127222,40.72,38.43
2007,河南,16,1,0,14916,18.88,13.76,5.12,38.78,28.27,10.51,15012.46,9.592617066,29.78,40.71
2007,湖北,17,1,0,17376,18.96,11.64,7.32,34.39,21.1,13.28,9333.4,11.21782094,45.9,42.4
2007,湖南,18,1,0,11233,19.73,12.21,7.52,37.19,23.02,14.17,9439.6,11.2771484,44.18,36.48
2007,广东,19,0,0,102449,20.26,14.63,5.63,36.04,26.03,10.01,31777.01,8.035179836,41.88,41.84
2007,广西,20,0,1,3480,20.6,14.51,6.09,45.12,31.79,13.33,5823.41,12.5273199,43.26,39.08
2007,海南,21,0,0,632,19.79,13.98,5.8,43.29,30.59,12.7,1254.17,13.91650255,28.78,55.18
2007,重庆,22,0,1,6715,20.45,12.64,7.8,44.11,27.27,16.84,4676.13,12.7082502,54.24,34.92
2007,四川,23,0,1,19165,20.52,13.03,7.48,43.11,27.39,15.72,10562.39,12.75653616,47.31,38.35
2007,贵州,24,0,1,2759,25.67,19.68,6,55.09,42.22,12.87,2884.11,21.17260091,53.31,36.04
2007,云南,25,0,1,3108,21.72,16.32,5.4,42.81,32.17,10.64,4772.52,18.72348571,50.81,38.18
2007,西藏,26,0,1,97,8.2,6.28,1.92,39.57,30.31,9.26,341.43,58.63482998,46.76,35.39
2007,陕西,27,0,1,8499,18.51,11.9,6.61,36.98,23.78,13.2,5757.29,14.31542444,27.88,70.99
2007,甘肃,28,0,1,1608,19.25,13.97,5.28,39.92,28.97,10.94,2703.98,19.54876146,57.28,40.34
2007,青海,29,0,1,387,15.97,12.37,3.6,40.74,31.55,9.19,797.35,26.92202922,53.1,34.2
2007,宁夏,30,0,1,838,17.39,13.74,3.65,42.26,33.39,8.88,919.11,21.02130322,58.29,36.64
2007,新疆,31,0,1,2270,17.59,13.35,4.24,39.38,29.89,9.49,3523.16,19.25749327,49.05,37.84
2006,北京,1,0,0,26555,12.89,6.06,6.82,26.91,12.66,14.25,8117.78,13.03695592,44.8,39.46
2006,天津,2,0,0,13299,13.43,7.17,6.26,29.25,15.62,13.63,4462.74,9.906933857,54.27,33.64
2006,河北,3,0,0,7220,17.62,11.66,5.96,33.53,22.19,11.33,11467.6,8.538521574,48.51,50.59
2006,山西,4,1,0,2824,17.33,12.86,4.47,37.12,27.54,9.58,4878.61,13.70781432,56.6,36.26
2006,内蒙古,5,0,1,1946,16.56,11.19,5.37,31.61,21.35,10.26,4944.25,13.79131719,54.05,40.07
2006,辽宁,6,0,0,17052,15.24,8.26,6.98,30.07,16.29,13.77,9304.52,12.94385524,43.19,40.32
2006,吉林,7,1,0,4578,14.3,8.78,5.52,27.19,16.69,10.5,4275.12,14.76265462,49.36,39.22
2006,黑龙江,8,1,0,6535,13.79,8.75,5.04,28.32,17.97,10.35,6211.8,12.68207927,50.18,32.99
2006,上海,9,0,0,36042,17.44,6.27,11.17,29.05,10.45,18.6,10572.24,15.57148722,57.76,32.55
2006,江苏,10,0,0,53267,18.05,10.38,7.67,35.19,20.24,14.95,21742.05,7.696590248,54.39,30.1
2006,浙江,11,0,0,52980,18.48,11.07,7.41,33.39,20,13.39,15718.47,8.051257533,41.64,40.76
2006,安徽,12,1,0,4679,21.67,14.66,7.01,46.08,31.16,14.91,6112.5,11.66565726,44.39,40.57
2006,福建,13,0,0,10351,22.69,14.92,7.77,37.55,24.68,12.87,7583.85,7.820121706,51.35,42.8
2006,江西,14,1,0,3171,22.19,16.48,5.71,49.29,36.61,12.68,4820.53,11.69897293,38.91,39.71
2006,山东,15,0,0,38284,19.34,11.9,7.44,33.03,20.32,12.71,21900.19,6.695042828,27.9,40.75
2006,河南,16,1,0,11538,22.15,15.99,6.16,40.77,29.43,11.35,12362.79,9.027421804,43.48,45.33
2006,湖北,17,1,0,14576,21.04,13.34,7.7,36.56,23.19,13.37,7617.47,10.22276294,43.71,37.82
2006,湖南,18,1,0,10249,22.67,14.29,8.38,39.98,25.21,14.78,7688.67,11.35980735,43.19,39.99
2006,广东,19,0,0,90886,20.5,15.17,5.33,37.62,27.84,9.78,26587.76,8.60948459,42.74,38.54
2006,广西,20,0,1,2784,21.74,15.48,6.26,45.39,32.32,13.07,4746.16,12.88369124,27.52,54.98
2006,海南,21,0,0,538,21.07,15.16,5.91,44.62,32.11,12.51,1065.67,14.19220772,53.95,35.25
2006,重庆,22,0,1,6471,21.17,13.33,7.84,44.72,28.16,16.57,3907.23,12.47314082,45.81,39.53
2006,四川,23,0,1,13109,22.16,14.13,8.03,45.33,28.91,16.42,8690.24,12.45278496,51.77,37.65
2006,贵州,24,0,1,2674,26.99,20.84,6.16,54.67,42.2,12.47,2338.98,22.2629565,49.22,39.59
2006,云南,25,0,1,3085,22.08,16.58,5.5,43.31,32.53,10.78,3988.14,19.21475926,47.92,34.75
2006,西藏,26,0,1,89,12.19,9.67,2.53,44.69,35.45,9.25,290.76,63.78119411,29.43,69.15
2006,陕西,27,0,1,5717,17.98,12.13,5.85,37.76,25.47,12.3,4743.61,13.46996697,55.47,41.49
2006,甘肃,28,0,1,1460,21.07,15.73,5.34,41.18,30.75,10.44,2277.35,18.85296068,51.83,33.29
2006,青海,29,0,1,325,16.09,12.3,3.8,41.96,32.07,9.89,648.5,26.17651503,56.3,37.42
2006,宁夏,30,0,1,671,19.05,15.28,3.77,42.99,34.49,8.51,725.9,22.07616752,45.52,39.35
2006,新疆,31,0,1,2256,18.97,14.65,4.33,41.17,31.79,9.39,3045.26,17.04346755,49.36,39.62
2005,北京,1,0,0,22572,13.31,6.49,6.82,26.74,13.03,13.7,6969.52,12.88862935,53.92,33.66
2005,天津,2,0,0,11657,13.61,7.71,5.9,28.79,16.31,12.48,3905.64,9.602042175,48.59,50.42
2005,河北,3,0,0,6401,18.24,12.47,5.77,34.86,23.84,11.02,10012.11,7.846089386,56.57,35.45
2005,山西,4,1,0,1985,18.76,13.77,4.99,40.86,30,10.86,4230.53,12.26931141,53.33,40.03
2005,内蒙古,5,0,1,1455,14.45,9.86,4.59,33.32,22.74,10.57,3905.03,14.44577122,41.32,40.7
2005,辽宁,6,0,0,15672,16.48,9.77,6.71,31.59,18.74,12.86,8047.26,11.57409976,48.72,38.48
2005,吉林,7,1,0,4101,15.39,10.07,5.33,28.47,18.61,9.85,3620.27,14.02590967,47.27,34.8
2005,黑龙江,8,1,0,6050,14.26,9.42,4.84,28.88,19.08,9.8,5513.7,12.65124327,57.4,32
2005,上海,9,0,0,32741,16.64,7.14,9.5,26.53,11.39,15.14,9247.66,14.95000249,52.08,30.05
2005,江苏,10,0,0,34811,16.9,9.94,6.95,35.88,21.11,14.77,18598.69,7.054477493,39.88,40.84
2005,浙江,11,0,0,43221,18.42,11.06,7.36,36.01,21.63,14.39,13417.68,7.921902296,43.1,40.31
2005,安徽,12,1,0,3516,22.24,15.48,6.76,49.66,34.56,15.1,5350.17,11.24315676,50.7,42.91
2005,福建,13,0,0,9460,20.9,14.18,6.72,37.43,25.4,12.03,6554.69,7.882580259,37.07,40.55
2005,江西,14,1,0,2815,23.14,17.32,5.82,50.45,37.76,12.69,4056.76,11.192671,25.47,41.3
2005,山东,15,0,0,28835,19.11,11.76,7.35,34.9,21.48,13.42,18366.87,6.475635751,41.01,43.9
2005,河南,16,1,0,8981,22.63,16.28,6.35,41.58,29.92,11.66,10587.42,8.311354419,41.53,38.41
2005,湖北,17,1,0,11534,21.85,14.71,7.14,39,26.25,12.75,6590.19,9.806831063,41.77,39.91
2005,湖南,18,1,0,8763,22.84,14.82,8.02,40.53,26.3,14.23,6596.1,10.90862025,41.26,39.46
2005,广东,19,0,0,72220,21.38,15.89,5.5,40.45,30.05,10.39,22557.37,8.214388468,25.29,55.59
2005,广西,20,0,1,2379,24.53,17.49,7.04,49.92,35.6,14.32,3984.1,12.7374338,51.59,36.86
2005,海南,21,0,0,498,19.59,14.4,5.19,47.56,34.96,12.6,918.75,13.84496327,43.36,40.71
2005,重庆,22,0,1,6260,21.37,13.96,7.41,46.27,30.23,16.04,3467.72,11.41162781,48.7,39.27
2005,四川,23,0,1,10567,24.69,16.47,8.23,48.74,32.5,16.24,7385.1,12.12242759,46.4,41.71
2005,贵州,24,0,1,2226,28.77,22.31,6.46,57.58,44.65,12.93,2005.42,20.86436258,44.73,35.69
2005,云南,25,0,1,2556,23.61,17.99,5.61,46.29,35.28,11.01,3462.73,19.16509228,30.59,67.84
2005,西藏,26,0,1,102,15.5,12.65,2.85,50.29,41.03,9.26,248.8,53.79159968,54.19,42.42
2005,陕西,27,0,1,4166,18.01,12.49,5.51,39.25,27.23,12.01,3933.72,13.12511312,50.74,33.53
2005,甘肃,28,0,1,1759,22.88,17.49,5.4,44.15,33.74,10.41,1933.98,18.4560647,53.74,38.52
2005,青海,29,0,1,216,17.86,14.28,3.58,43.08,34.44,8.64,543.32,25.27723993,41.05,41.76
2005,宁夏,30,0,1,516,21.62,17.54,4.08,46.91,38.06,8.85,612.61,20.08091608,45.89,42.15
2005,新疆,31,0,1,1851,20.07,15.74,4.33,42.9,33.64,9.26,2604.19,16.16796778,42.59,39.19
2004,北京,1,0,0,18402,13.37,6.32,7.06,26.71,12.62,14.1,6033.21,12.17932577,48.21,50.75
2004,天津,2,0,0,8406,16.62,9.12,7.5,31.4,17.23,14.18,3110.97,10.03150464,56.24,34.65
2004,河北,3,0,0,5647,19.02,13.05,5.97,34.11,23.4,10.71,8477.63,7.628829048,53.66,39.35
2004,山西,4,1,0,1949,19.45,14.59,4.86,39.34,29.51,9.83,3571.37,11.63941569,38.76,41.26
2004,内蒙古,5,0,1,1457,17.02,11.85,5.17,32.61,22.7,9.91,3041.07,14.70721161,48.07,38.28
2004,辽宁,6,0,0,14695,16.33,9.72,6.61,30.49,18.14,12.34,6672,11.75624101,45.31,35.46
2004,吉林,7,1,0,3657,16.57,10.78,5.79,27.14,17.66,9.48,3122.01,13.10778953,56.44,31.72
2004,黑龙江,8,1,0,4919,16.98,11.57,5.41,27.11,18.48,8.64,4750.6,11.89129794,48.89,31.83
2004,上海,9,0,0,20471,23.52,8.55,14.97,31.92,11.6,20.31,8072.83,13.48273901,38.83,40.67
2004,江苏,10,0,0,23532,17.77,10.73,7.05,37.08,22.38,14.7,15003.6,6.982865446,41.19,40.7
2004,浙江,11,0,0,25294,16.74,10.29,6.45,34.04,20.92,13.11,11648.7,7.69848996,49.2,44.34
2004,安徽,12,1,0,2943,23.25,16.69,6.55,43.29,31.09,12.21,4759.3,10.66206795,36.51,39.67
2004,福建,13,0,0,7498,21.38,14.83,6.55,38.46,26.67,11.78,5763.35,7.847883609,25.08,40.91
2004,江西,14,1,0,2685,20.11,14.66,5.45,42.07,30.67,11.4,3456.7,11.05384037,41.32,42.78
2004,山东,15,0,0,18388,17.72,11.52,6.2,35.77,23.25,12.51,15021.84,6.727800988,39.08,39.29
2004,河南,16,1,0,6318,24.3,17.57,6.73,41.56,30.05,11.51,8553.79,8.377547263,40.62,39.44
2004,湖北,17,1,0,7960,23.39,16.41,6.98,37.86,26.57,11.29,5633.24,9.59369031,41.59,39.15
2004,湖南,18,1,0,7693,17.97,12.19,5.78,37.58,25.5,12.08,5641.94,10.16929106,23.94,55.96
2004,广东,19,0,0,52201,22.96,17.47,5.5,49.39,37.57,11.82,18864.62,8.988425953,48.91,39.37
2004,广西,20,0,1,2202,18.61,13.27,5.34,41.62,29.68,11.94,3433.5,12.91982816,42.24,40.77
2004,海南,21,0,0,375,20.74,15.78,4.96,45.81,34.85,10.96,819.66,12.85879511,45.42,41.56
2004,重庆,22,0,1,5171,19.22,12.41,6.81,47.75,30.84,16.92,3034.58,11.25617054,45.44,42.4
2004,四川,23,0,1,7260,21.32,14.74,6.58,39.63,27.4,12.23,6379.63,11.47871115,41.4,38.41
2004,贵州,24,0,1,1486,17.91,13.83,4.08,49.37,38.11,11.25,1677.8,19.80895816,29.6,68.61
2004,云南,25,0,1,2132,21.95,16.34,5.62,43.27,32.2,11.07,3081.91,19.05790565,51.87,44.64
2004,西藏,26,0,1,62,14.29,11.35,2.94,45.38,36.03,9.35,220.34,66.21829899,49.38,35.25
2004,陕西,27,0,1,3217,16.75,12.09,4.67,37.85,27.31,10.55,3175.58,13.16927301,51.25,41.21
2004,甘肃,28,0,1,910,17.06,13.13,3.93,40.24,30.97,9.27,1688.49,17.76776883,40.51,41.9
2004,青海,29,0,1,124,16.02,12.79,3.23,41.26,32.94,8.32,466.1,26.18403776,48.29,41.45
2004,宁夏,30,0,1,399,19,15.58,3.42,45.97,37.7,8.28,537.11,19.69415948,41.26,40.4
2004,新疆,31,0,1,1492,16.22,12.63,3.58,39.53,30.79,8.74,2209.09,16.67961016,51.38,36.18
2003,北京,1,0,0,17003,12.09,5.87,6.22,27.82,13.5,14.32,5007.21,12.11733497,54.55,36.11
2003,天津,2,0,0,6812,18.12,10.16,7.96,33.15,18.6,14.55,2578.03,10.03191006,52.51,40.09
2003,河北,3,0,0,5623,20.83,14.94,5.88,36.52,26.21,10.32,6921.29,7.53823979,39.13,41.76
2003,山西,4,1,0,1743,19.69,15.04,4.65,42.99,32.84,10.16,2855.23,11.40032143,46.97,39.13
2003,内蒙古,5,0,1,1393,17.91,12.62,5.29,34.91,24.6,10.3,2388.38,14.50429884,42.9,37.15
2003,辽宁,6,0,0,13545,18.6,11.21,7.4,32.28,19.45,12.84,6002.54,11.47260788,53.69,34.05
2003,吉林,7,1,0,4267,17.06,11.67,5.4,28.68,19.61,9.07,2662.08,12.9321473,48.2,34.35
2003,黑龙江,8,1,0,4972,16.78,11.82,4.96,29.01,20.44,8.58,4057.4,11.46785762,38.15,42.83
2003,上海,9,0,0,22374,21.46,7.51,13.95,33.66,11.77,21.88,6694.23,13.29663518,41.11,42.1
2003,江苏,10,0,0,18393,17.49,10.49,7,39.59,23.76,15.84,12442.87,6.802626878,47.92,45.31
2003,浙江,11,0,0,21463,14.79,8.63,6.16,38.13,22.25,15.88,9705.02,7.361489409,34.88,41.77
2003,安徽,12,1,0,2676,24.51,17.82,6.69,42.87,31.17,11.7,3923.11,10.47156474,24.63,41.16
2003,福建,13,0,0,7236,20.51,14.95,5.56,41.51,30.26,11.25,4983.67,7.884172834,40.53,44.56
2003,江西,14,1,0,2434,15.87,12.22,3.66,43.24,33.27,9.97,2807.41,10.90992267,37.78,41.06
2003,山东,15,0,0,15794,18.27,12.23,6.04,37.77,25.28,12.49,12078.15,6.764439349,39.92,39.14
2003,河南,16,1,0,5261,25.22,18.6,6.62,44.16,32.56,11.6,6867.7,8.233252678,40.99,39.66
2003,湖北,17,1,0,6635,23.03,16.77,6.26,40.91,29.79,11.12,4757.45,9.49399102,25.74,52.28
2003,湖南,18,1,0,6054,18,12.3,5.71,39.56,27.02,12.53,4659.99,9.981812327,47.19,41.11
2003,广东,19,0,0,43186,22.58,17.3,5.28,52.91,40.54,12.37,15844.64,9.103347407,40.86,42.14
2003,广西,20,0,1,2250,20.31,14.29,6.03,44.26,31.13,13.13,2821.11,12.49624408,44.06,43.52
2003,海南,21,0,0,445,19.31,14.58,4.73,46.88,35.39,11.49,713.96,12.78543845,42.66,42.92
2003,重庆,22,0,1,4589,17.34,11.63,5.71,38.89,26.08,12.81,2555.72,10.68820471,38.14,39.97
2003,四川,23,0,1,7443,18.11,12.64,5.47,40.26,28.09,12.17,5333.09,11.10521979,28.87,69.19
2003,贵州,24,0,1,1242,17.91,13.85,4.06,50.33,38.93,11.4,1426.34,19.09164598,49.71,46.38
2003,云南,25,0,1,1966,22.9,17.81,5.09,46.32,36.04,10.29,2556.02,18.86668903,48.38,35.72
2003,西藏,26,0,1,24,7.86,6.42,1.44,49.31,40.26,9.05,185.09,63.43738031,48.79,42.7
2003,陕西,27,0,1,3421,16.89,12.32,4.57,40.15,29.29,10.86,2587.72,12.8736845,38.89,41.81
2003,甘肃,28,0,1,961,17,13.18,3.83,42.15,32.67,9.49,1399.83,17.15979227,47.82,41.37
2003,青海,29,0,1,173,16.07,12.98,3.09,43.92,35.47,8.46,390.2,25.14637886,40.22,40.88
2003,宁夏,30,0,1,441,18.89,15.53,3.36,47.1,38.71,8.39,445.36,19.47594967,50.69,36.28
2003,新疆,31,0,1,1473,17.47,14.32,3.15,43.17,35.4,7.78,1886.35,16.09780663,45.68,52.93
2002,北京,1,0,0,13842,13.57,6.99,6.59,28.56,14.7,13.86,4315,12.05534418,51.11,40.33
2002,天津,2,0,0,5360,18.12,10.43,7.69,33.87,19.49,14.38,2150.76,10.03231548,37.99,39.75
2002,河北,3,0,0,5390,22.99,16.9,6.09,40.46,29.74,10.72,6018.28,7.447650533,45.59,39.53
2002,山西,4,1,0,1630,20.37,15.72,4.66,43.65,33.67,9.98,2324.8,11.16122718,38.43,39.7
2002,内蒙古,5,0,1,1202,21.25,15.56,5.7,36.29,26.56,9.72,1940.94,14.30138606,50.46,36.01
2002,辽宁,6,0,0,9851,20.31,13.4,6.91,31.22,20.6,10.63,5458.22,11.18897474,45.87,32.78
2002,吉林,7,1,0,3413,8.68,3.73,4.95,29.8,21.12,8.68,2348.54,12.75650507,36.7,42.89
2002,黑龙江,8,1,0,4392,20.12,14.64,5.48,30.17,22.18,8.3,3637.2,11.04441729,40.59,42.63
2002,上海,9,0,0,19970,21.76,9.66,12.11,31.85,14.13,17.72,5741.03,13.11053135,45.5,46.98
2002,江苏,10,0,0,13075,20.09,13.16,6.93,40.22,26.36,13.86,10606.85,6.62238831,33.56,42.59
2002,浙江,11,0,0,17265,19.03,11.34,7.69,38.09,22.69,15.4,8003.67,7.024488858,23.16,42.16
2002,安徽,12,1,0,2312,25.92,19.33,6.58,48,35.81,12.19,3519.72,10.28106152,39.24,44.78
2002,福建,13,0,0,6522,20.7,15.21,5.48,40.23,29.58,10.66,4467.55,7.920462059,36.69,41.14
2002,江西,14,1,0,2037,21.59,16.6,4.98,46.85,36.04,10.82,2450.48,10.76600496,38.76,38.63
2002,山东,15,0,0,12856,20.6,14.19,6.41,37.63,25.92,11.7,10275.5,6.80107771,40.42,39.54
2002,河南,16,1,0,4441,24.13,18.43,5.69,45.53,34.79,10.74,6035.48,8.088958093,20.19,55.27
2002,湖北,17,1,0,4960,26.25,18.99,7.25,46.82,33.88,12.94,4212.82,9.39429173,44.71,42.76
2002,湖南,18,1,0,4859,20.87,14.68,6.19,40.72,28.64,12.07,4151.54,9.794333594,40.72,41.79
2002,广东,19,0,0,34352,21.87,16.74,5.13,49.15,37.61,11.54,13502.42,9.218268861,42.42,43.69
2002,广西,20,0,1,1927,21.48,15.44,6.04,44.33,31.87,12.46,2523.73,12.07265999,40.58,45.38
2002,海南,21,0,0,546,27.1,20.94,6.16,49.99,38.62,11.37,642.73,12.71208179,37.4,43.69
2002,重庆,22,0,1,3142,19.89,13.57,6.32,40.39,27.55,12.84,2232.86,10.12023887,30.79,67.04
2002,四川,23,0,1,5997,17.61,12.49,5.12,42.12,29.87,12.24,4725.01,10.73172843,49.97,45.92
2002,贵州,24,0,1,1260,26.15,20.86,5.3,51.29,40.9,10.39,1243.43,18.37433381,48.88,34.55
2002,云南,25,0,1,1780,22.52,17.48,5.04,45.93,35.65,10.27,2312.82,18.67547242,47.1,44.46
2002,西藏,26,0,1,15,11.04,8.81,2.23,46.38,37.03,9.36,162.04,60.65646162,38.26,40.8
2002,陕西,27,0,1,2530,21.66,15.94,5.72,43.6,32.09,11.51,2253.39,12.57809598,48.49,40.69
2002,甘肃,28,0,1,781,18.89,14.99,3.91,43.79,34.73,9.06,1232.03,16.5518157,40.21,40.5
2002,青海,29,0,1,151,17.42,14.38,3.04,45.47,37.53,7.94,340.65,24.10871996,52.31,34.84
2002,宁夏,30,0,1,503,19.9,16.89,3.01,45.95,39,6.95,377.16,19.25773985,46.13,52.38
2002,新疆,31,0,1,1239,20.82,16.7,4.12,44.73,35.88,8.85,1612.65,15.51600311,51.89,36.53
2001,北京,1,0,0,12174,13.04,7.58,5.47,26.99,15.68,11.3,3707.96,11.99335339,38.65,37.92
2001,天津,2,0,0,3081,22.92,14.94,7.97,35.88,23.4,12.48,1919.09,10.03272089,44.28,39.73
2001,河北,3,0,0,4695,23.37,17.12,6.25,42.37,31.04,11.33,5516.76,7.357061275,36.13,40.61
2001,山西,4,1,0,1473,21.1,16.5,4.6,45.47,35.56,9.91,2029.53,10.92213292,49.55,35.67
2001,内蒙古,5,0,1,1087,20.94,15.78,5.15,37.79,28.48,9.3,1713.81,14.09847329,45.37,32.32
2001,辽宁,6,0,0,7514,23.19,15.44,7.75,34.64,23.06,11.58,5033.08,10.90534161,36.87,41.58
2001,吉林,7,1,0,2627,18.84,13.89,4.95,31.43,23.17,8.26,2120.35,12.58086284,40.57,41.59
2001,黑龙江,8,1,0,3670,21.35,16.06,5.28,32.26,24.27,7.99,3390.1,10.62097697,45.73,46.05
2001,上海,9,0,0,12777,22.9,10.59,12.31,35.39,16.37,19.02,5210.12,12.92442752,33.83,40.88
2001,江苏,10,0,0,10352,21.63,14.05,7.58,41.37,26.88,14.49,9456.84,6.442149742,23.11,42.92
2001,浙江,11,0,0,12828,15.69,9.86,5.84,38.03,23.88,14.14,6898.34,6.687488307,38.99,44.31
2001,安徽,12,1,0,2045,28.51,21.36,7.15,47.9,35.89,12.01,3246.71,10.09055831,36.61,40.52
2001,福建,13,0,0,4971,22.98,16.97,6.01,43.53,32.15,11.39,4072.85,7.956751283,38.25,37.53
2001,江西,14,1,0,1778,24.95,19.66,5.29,48.29,38.06,10.24,2175.68,10.62208726,40.6,38.62
2001,山东,15,0,0,11170,22.73,16.22,6.51,40.11,28.62,11.49,9195.04,6.837716071,22.97,50.05
2001,河南,16,1,0,4093,26.43,20.39,6.03,48.37,37.33,11.04,5533.01,7.944663507,43.71,43.18
2001,湖北,17,1,0,4322,22.83,17.56,5.27,41.18,31.67,9.51,3880.53,9.29459244,40.7,40.82
2001,湖南,18,1,0,4292,23.24,16.99,6.25,42.86,31.33,11.53,3831.9,9.606854862,41.68,43.41
2001,广东,19,0,0,27596,26.36,20.57,5.79,54.64,42.65,12,12039.25,9.333190315,40.27,45.01
2001,广西,20,0,1,1838,23.39,17.57,5.82,48.96,36.78,12.18,2279.34,11.64907591,38.48,42.21
2001,海南,21,0,0,390,28.89,22.64,6.26,52.67,41.27,11.4,579.17,12.63872513,32.69,64.83
2001,重庆,22,0,1,2047,20.77,14.46,6.31,40.76,28.37,12.39,1976.86,9.552273041,50.76,44.91
2001,四川,23,0,1,5039,19.98,14.66,5.32,44.73,32.81,11.92,4293.49,10.35823707,49.86,33.79
2001,贵州,24,0,1,950,20.68,16.83,3.85,53.91,43.88,10.03,1133.27,17.65702163,46.51,43.75
2001,云南,25,0,1,1793,26.11,20.81,5.3,48.49,38.65,9.84,2138.31,18.4842558,37.85,39.36
2001,西藏,26,0,1,23,12.97,10.57,2.39,50.36,41.09,9.27,139.16,57.87554294,50.21,39.01
2001,陕西,27,0,1,2326,22.91,17.97,4.94,45.39,35.6,9.79,2010.62,12.28250746,39.4,40.17
2001,甘肃,28,0,1,734,19.12,15.72,3.4,46.19,37.97,8.21,1125.37,15.94383913,54.95,32.89
2001,青海,29,0,1,162,19.51,16.51,3,46.85,39.63,7.22,300.13,23.07106107,46.27,52.12
2001,宁夏,30,0,1,412,20.14,17.13,3.02,48.11,40.91,7.2,337.44,19.03953003,51.86,35.88
2001,新疆,31,0,1,1086,22.72,19.1,3.61,45.52,38.28,7.24,1491.6,14.93419959,53.31,36.41
2000,北京,1,0,0,10344,14.68,9.08,5.6,28.2,17.44,10.76,3161.66,11.9313626,43.26,39.73
2000,天津,2,0,0,2789,19.31,12.93,6.39,33.47,22.4,11.07,1701.88,10.03312631,34.98,40.8
2000,河北,3,0,0,3848,22.44,17.25,5.19,42.22,32.45,9.76,5043.96,7.266472018,49.95,34.84
2000,山西,4,1,0,1475,21.94,17.7,4.24,47.06,37.96,9.1,1845.72,10.68303867,45.4,31.61
2000,内蒙古,5,0,1,1138,19.02,15.2,3.82,36.32,29.03,7.29,1539.12,13.89556052,36.41,41.49
2000,辽宁,6,0,0,7151,24.26,16.81,7.45,34.24,23.73,10.52,4669.06,10.62170848,40.54,40.78
2000,吉林,7,1,0,2501,20.69,15.8,4.89,33.01,25.21,7.8,1951.51,12.40522061,46.54,44.27
2000,黑龙江,8,1,0,3106,21.69,16.86,4.84,32.13,24.96,7.16,3151.4,10.19753665,35.23,37.98
2000,上海,9,0,0,11337,21.31,10.95,10.36,31.09,15.97,15.11,4771.17,12.73832369,19.74,43.82
2000,江苏,10,0,0,8211,20.6,14.25,6.35,39.68,27.46,12.23,8553.69,6.261911174,38.91,43.32
2000,浙江,11,0,0,10316,16.68,11.19,5.48,36.83,24.72,12.11,6141.03,6.350487756,36.48,39.45
2000,安徽,12,1,0,1877,30.63,23.71,6.92,49.2,38.09,11.12,2902.09,9.900055096,37.98,35.68
2000,福建,13,0,0,4211,25.03,19.49,5.54,41.96,32.68,9.28,3764.54,7.993040508,41.43,37.1
2000,江西,14,1,0,1557,26.08,21.11,4.96,47.28,38.28,9,2003.07,10.47816956,22.96,46.15
2000,山东,15,0,0,10019,24.09,17.39,6.7,40.61,29.32,11.29,8337.47,6.874354432,43.38,42.31
2000,河南,16,1,0,3823,27.05,21.33,5.72,49.03,38.66,10.37,5052.99,7.800368922,40.05,41.52
2000,湖北,17,1,0,3486,23.11,18.12,4.99,41.2,32.3,8.9,3545.39,9.19489315,41.27,43.51
2000,湖南,18,1,0,4117,23.91,18,5.91,41.76,31.43,10.32,3551.49,9.419376129,41.16,43.24
2000,广东,19,0,0,21123,20.4,16.32,4.08,43.32,34.64,8.67,10741.25,9.448111769,39.42,39.44
2000,广西,20,0,1,1762,24.88,19.57,5.32,50.08,39.38,10.7,2080.04,11.22549182,33.89,63.23
2000,海南,21,0,0,502,28.99,23.37,5.63,51.64,41.62,10.02,526.82,12.56536847,50.54,44.73
2000,重庆,22,0,1,1780,22.5,16.55,5.96,42.53,31.27,11.25,1791,8.984307208,48.48,33.66
2000,四川,23,0,1,4496,24.13,18.16,5.97,43.06,32.41,10.65,3928.2,9.984745704,47.12,43.29
2000,贵州,24,0,1,986,25.37,21.3,4.07,56.46,47.4,9.05,1029.92,16.93970945,37.01,38.13
2000,云南,25,0,1,1710,29.67,24.12,5.55,47.1,38.28,8.82,2011.19,18.29303919,47.98,39.54
2000,西藏,26,0,1,28,20.98,18.3,2.68,55.95,48.81,7.14,117.8,55.09462425,38.91,35.91
2000,陕西,27,0,1,2080,22.29,18.01,4.27,44.82,36.22,8.59,1804,11.98691894,54.31,32.53
2000,甘肃,28,0,1,798,21.14,17.84,3.3,47.07,39.72,7.35,1052.88,15.33586256,47.38,50.84
2000,青海,29,0,1,174,19.59,16.89,2.69,44.69,38.55,6.15,263.68,22.03340217,50.93,35.6
2000,宁夏,30,0,1,341,23.4,20.24,3.16,49.07,42.44,6.63,295.02,18.82132022,54.64,34.22
2000,新疆,31,0,1,1088,31.29,26.85,4.44,46.72,40.09,6.63,1363.56,14.35239606,35.92,36.55
1999,北京,1,0,0,7723,14.87,8.82,6.05,33.73,20.01,13.72,2678.82,11.86937181,35,39.94
1999,天津,2,0,0,2016,22.76,15.15,7.61,38.87,25.87,12.99,1500.95,10.03353173,48.63,35.08
1999,河北,3,0,0,3330,23.18,18.21,4.97,44.5,34.95,9.54,4514.19,7.17588276,43.85,31.29
1999,山西,4,1,0,1140,23.66,19.06,4.59,49.31,39.73,9.58,1667.1,10.44394442,37.11,38.68
1999,内蒙古,5,0,1,971,21.08,16.68,4.4,39,30.87,8.13,1379.31,13.69264775,40.7,39.04
1999,辽宁,6,0,0,6065,25.21,17.72,7.49,35.68,25.08,10.6,4171.69,10.33807535,47.12,41.97
1999,吉林,7,1,0,2111,21.2,15.53,5.67,34.01,24.92,9.09,1672.96,12.22957838,34.61,36.59
1999,黑龙江,8,1,0,2987,23.86,18.9,4.96,35.2,27.88,7.32,2866.3,9.774096322,20.14,43.64
1999,上海,9,0,0,4605,25.6,12.58,13.02,37.38,18.37,19.01,4188.73,12.55221987,38.54,42.28
1999,江苏,10,0,0,7091,23.66,15.86,7.8,42.48,28.48,14,7697.82,6.081672606,36.99,37.64
1999,浙江,11,0,0,8177,19.64,13.07,6.57,39.89,26.55,13.34,5443.92,6.013487205,37.38,34.06
1999,安徽,12,1,0,1721,31.25,24.14,7.11,48.5,37.47,11.03,2712.34,9.709551882,42.74,35.85
1999,福建,13,0,0,3381,32,24.38,7.62,50.95,38.82,12.13,3414.19,8.029329733,22.51,45.16
1999,江西,14,1,0,1387,23.65,18.89,4.76,49.94,39.88,10.06,1853.65,10.33425186,42.79,41.23
1999,山东,15,0,0,8589,26.68,19.04,7.65,42.92,30.62,12.3,7493.84,6.910992793,42.88,37.06
1999,河南,16,1,0,3452,25.72,20.24,5.48,49.74,39.14,10.6,4517.94,7.656074337,39.28,43.16
1999,湖北,17,1,0,2963,28.2,21.96,6.24,47.75,37.18,10.57,3229.29,9.09519386,39.24,42.58
1999,湖南,18,1,0,3403,27.52,20.47,7.05,45.28,33.69,11.6,3214.54,9.231897396,36.15,40.77
1999,广东,19,0,0,16802,32.01,24.93,7.07,55.47,43.21,12.26,9250.68,9.563033223,35.38,61.4
1999,广西,20,0,1,1604,28.91,22.36,6.55,54.23,41.95,12.28,1971.41,10.80190774,50.78,43.83
1999,海南,21,0,0,373,31.81,25.8,6.01,54.15,43.92,10.22,476.67,12.49201181,48.97,32.45
1999,重庆,22,0,1,1274,24.36,17.61,6.75,46.85,33.87,12.98,1663.2,8.416341375,47.25,39.89
1999,四川,23,0,1,3676,23.46,17.33,6.13,46.79,34.56,12.23,3649.12,9.611254343,36.34,36.6
1999,贵州,24,0,1,789,23.3,19.18,4.12,51.92,42.73,9.19,937.5,16.22239728,47.79,38.52
1999,云南,25,0,1,1246,36.54,29.27,7.26,52.3,41.91,10.4,1899.82,18.10182257,37.14,35.63
1999,西藏,26,0,1,10,22.74,20.38,2.37,64.49,57.78,6.71,105.98,52.31370557,53.43,31.11
1999,陕西,27,0,1,1685,26.75,21.03,5.71,50.2,39.48,10.73,1592.64,11.69133043,49.25,48.81
1999,甘肃,28,0,1,583,23.7,19.66,4.03,49.11,40.75,8.36,956.32,14.72788599,50.56,34.9
1999,青海,29,0,1,172,23.76,19.82,3.95,49.02,40.89,8.13,239.38,20.99574327,54.76,33.18
1999,宁夏,30,0,1,262,23.88,20.67,3.21,49.74,43.05,6.68,264.58,18.6031104,36.2,34.54
1999,新疆,31,0,1,876,27.51,23.45,4.06,46.64,39.76,6.88,1163.17,13.77059254,42.25,38.44
1998,北京,1,0,0,6321,22.19,14.12,8.08,32.87,20.9,11.96,2377.18,11.80738101,48.54,34.15
1998,天津,2,0,0,1485,25.32,17.54,7.78,41.05,28.44,12.62,1374.6,10.03393715,44.98,30.15
1998,河北,3,0,0,3295,23.7,18.57,5.14,44.9,35.17,9.73,4256.01,7.085293503,37.12,35.5
1998,山西,4,1,0,1070,24.27,19.64,4.63,50.4,40.79,9.61,1611.08,10.20485016,38.51,36.5
1998,内蒙古,5,0,1,785,23.12,18.66,4.46,39.91,32.22,7.69,1262.54,13.48973498,47.68,40.67
1998,辽宁,6,0,0,5643,24.48,17.39,7.09,35.24,25.03,10.21,3881.73,10.05444222,34.91,34.39
1998,吉林,7,1,0,1960,21.55,16,5.54,35.32,26.23,9.09,1577.05,12.05393615,20.68,44.03
1998,黑龙江,8,1,0,2695,19.87,15.89,3.98,34.62,27.69,6.93,2774.4,9.350655998,38.8,40.32
1998,上海,9,0,0,3419,26.69,13.91,12.77,37.62,19.61,18.01,3801.09,12.36611604,38.11,35.63
1998,江苏,10,0,0,5829,25.87,18.11,7.76,44.3,31.01,13.29,7199.95,5.901434038,37.21,31.91
1998,浙江,11,0,0,7074,24.54,16.62,7.92,38.8,26.29,12.52,5052.62,5.676486654,44.68,33.29
1998,安徽,12,1,0,1484,26.84,20.8,6.04,51.91,40.22,11.69,2542.96,9.519048668,22.01,43.7
1998,福建,13,0,0,3393,35.57,27.58,7.99,52.81,40.95,11.86,3159.91,8.065618958,41.68,40.02
1998,江西,14,1,0,1259,25.86,20.77,5.09,51.8,41.6,10.2,1719.87,10.19033415,42.07,35.09
1998,山东,15,0,0,7597,26.35,19.09,7.25,43.46,31.49,11.97,7021.35,6.947631154,38.68,41.89
1998,河南,16,1,0,3163,27.06,21.33,5.73,49.97,39.39,10.58,4308.24,7.511779752,38.75,41.39
1998,湖北,17,1,0,2629,27.04,20.89,6.15,45.7,35.31,10.39,3114.02,8.99549457,35.75,37.96
1998,湖南,18,1,0,3225,28.08,21.22,6.86,46.4,35.06,11.34,3025.53,9.044418664,37.67,58.68
1998,广东,19,0,0,13473,35.18,27.72,7.46,57.24,45.1,12.14,8530.88,9.677954678,53.46,41.05
1998,广西,20,0,1,1317,33.08,25.96,7.12,53.71,42.16,11.55,1911.3,10.37832365,48.92,31.81
1998,海南,21,0,0,468,34.82,28.89,5.93,56.27,46.68,9.59,442.13,12.41865515,47.94,39.06
1998,重庆,22,0,1,1255,27.12,19.78,7.34,45.33,33.05,12.28,1602.38,7.848375541,36.62,35.42
1998,四川,23,0,1,3187,22.3,16.33,5.98,44.45,32.54,11.91,3474.09,9.237762983,48.68,38.08
1998,贵州,24,0,1,800,30.28,25.2,5.08,51.58,42.93,8.65,858.39,15.5050851,38.72,36.14
1998,云南,25,0,1,1136,33.9,27.42,6.48,50.16,40.57,9.59,1831.33,17.91060595,53.72,29.03
1998,西藏,26,0,1,14,26.99,23.02,3.97,59.91,51.06,8.84,91.5,49.53278689,51.59,46.32
1998,陕西,27,0,1,1723,28.81,23.11,5.7,51.16,41.04,10.12,1458.4,11.39574191,51.07,33.42
1998,甘肃,28,0,1,598,25.87,21.32,4.56,49.23,40.56,8.67,887.67,14.11990943,54.51,32.28
1998,青海,29,0,1,137,26.42,22.32,4.1,49.13,41.5,7.63,220.92,19.95808437,35.31,33.32
1998,宁夏,30,0,1,179,25.64,22.57,3.07,51.18,45.05,6.13,245.44,18.38490059,42.31,37.6
1998,新疆,31,0,1,978,27.79,23.81,3.98,53.97,46.24,7.72,1106.95,13.18878901,34.18,36.23
1997,北京,1,0,0,6313,24.68,16.1,8.59,33.88,22.09,11.79,2077.09,11.38101864,46.06,28.98
1997,天津,2,0,0,1540,26.91,18.93,7.98,39.68,27.91,11.77,1264.63,9.709108593,36.56,33.4
1997,河北,3,0,0,3292,25.65,20.35,5.3,47.43,37.63,9.8,3953.78,6.840550056,37.52,35.59
1997,山西,4,1,0,1020,26.9,21.89,5.01,50.19,40.83,9.35,1476,9.723096206,47.65,39.77
1997,内蒙古,5,0,1,940,26.91,22.29,4.62,42.49,35.2,7.29,1153.51,12.38929875,33.79,34.14
1997,辽宁,6,0,0,5142,29.49,20.9,8.59,36.62,25.95,10.67,3582.46,9.50818432,20.22,43.66
1997,吉林,7,1,0,1672,25.66,19.79,5.87,37.13,28.63,8.5,1464.34,11.45600066,39.7,37.71
1997,黑龙江,8,1,0,2642,23.61,19.5,4.11,36.06,29.78,6.27,2667.5,8.261776945,39.04,33.81
1997,上海,9,0,0,3120,30.4,17.03,13.36,38.52,21.59,16.93,3438.79,11.88830664,35.86,30.39
1997,江苏,10,0,0,5339,26.93,19.08,7.85,43.53,30.84,12.69,6680.34,5.454220893,44.38,32.53
1997,浙江,11,0,0,6262,26.55,17.95,8.6,40.01,27.05,12.96,4686.11,5.124915975,21.85,40.3
1997,安徽,12,1,0,1404,24.06,18.93,5.12,46.67,36.73,9.94,2347.32,8.828826065,41.6,39.67
1997,福建,13,0,0,3018,39.94,31.9,8.04,54.88,43.84,11.05,2870.9,7.814849002,42.57,33.47
1997,江西,14,1,0,1307,25.4,20.87,4.53,49.03,40.28,8.75,1605.77,9.351090131,37.79,41.6
1997,山东,15,0,0,6523,29.22,21.84,7.38,45.2,33.78,11.42,6537.07,6.238082199,39.48,40.54
1997,河南,16,1,0,2948,29.1,23.17,5.93,50.51,40.22,10.28,4041.09,7.037004867,37.06,36.04
1997,湖北,17,1,0,2278,30.41,24.98,5.43,49.77,40.89,8.88,2856.47,7.831319776,39.94,55.87
1997,湖南,18,1,0,3070,30.4,23.44,6.96,46.86,36.13,10.73,2849.27,8.100850393,54.29,39.68
1997,广东,19,0,0,12858,35.78,28.52,7.26,56.12,44.73,11.39,7774.53,8.780748161,48.21,31.49
1997,广西,20,0,1,1374,37.14,29.32,7.82,56.68,44.74,11.94,1817.25,9.400715367,46.45,38.2
1997,海南,21,0,0,383,37.27,30.94,6.33,60.32,50.08,10.24,411.16,11.63556766,35.65,33.77
1997,重庆,22,0,1,952,29.55,21.9,7.65,46.17,34.22,11.95,1509.75,6.69057791,48.7,36.29
1997,四川,23,0,1,3020,26.24,19.56,6.69,45.51,33.92,11.59,3241.47,8.486813082,39.88,32.2
1997,贵州,24,0,1,785,32,26.86,5.13,53.52,44.94,8.59,805.79,13.87815684,53.6,27.67
1997,云南,25,0,1,1109,33.47,27.28,6.19,50.26,40.96,9.29,1676.17,18.68552712,53.99,43.69
1997,西藏,26,0,1,12,32.89,28.26,4.62,63.17,54.29,8.88,77.24,49.45002589,51.2,32.33
1997,陕西,27,0,1,1811,29.57,24.4,5.17,50.33,41.53,8.8,1363.6,10.10002933,53.29,32.5
1997,甘肃,28,0,1,553,27.78,23.67,4.11,47.61,40.57,7.04,793.57,13.14366723,35.45,32.62
1997,青海,29,0,1,130,28.72,24.76,3.96,49.9,43.04,6.86,202.79,17.98476256,41.33,37.04
1997,宁夏,30,0,1,177,27.38,23.9,3.47,51.11,44.63,6.48,224.59,14.97395254,34.14,34.65
1997,新疆,31,0,1,799,30.64,26.62,4.01,53.41,46.41,7,1039.85,11.8626148,47.32,32.28
1996,北京,1,0,0,6595,25.92,18.06,7.86,34.44,24,10.44,1789.2,10.47659289,36.22,32.52
1996,天津,2,0,0,1743,27.79,20.27,7.51,4175,31.18,11.56,1121.93,10.09034432,36.95,34.39
1996,河北,3,0,0,2944,26.31,21.26,5.04,48.42,39.13,9.28,3452.97,6.715885166,48.39,37.93
1996,山西,4,1,0,953,29.61,24.65,4.96,52.27,43.51,8.76,1292.11,10.30734999,34.59,33.9
1996,内蒙古,5,0,1,859,26.66,22.01,4.66,4214,34.79,7.36,1023.09,12.3530188,20.92,42.86
1996,辽宁,6,0,0,5218,29.21,21.87,7.34,37.98,28.44,9.54,3157.69,9.968666969,39.94,35.84
1996,吉林,7,1,0,1626,23.68,18.56,5.13,36.93,28.93,8,1346.79,10.80544109,40.26,32.93
1996,黑龙江,8,1,0,2776,25.22,20.32,4.9,36.43,29.35,7.08,2370.5,8.811782324,35.27,29.53
1996,上海,9,0,0,3154,29.23,16.53,12.69,39.97,22.61,17.36,2957.55,11.2653142,44.08,32.16
1996,江苏,10,0,0,4980,27.15,19.77,7.38,44.26,32.23,12.03,6004.21,5.178742915,17.42,40.72
1996,浙江,11,0,0,5162,28.45,19.8,8.65,42.03,29.25,12.78,4188.53,5.102226796,42.3,37.09
1996,安徽,12,1,0,1243,26.86,21.5,5.36,51.42,41.16,10.27,2093.3,8.537443271,43.18,30.78
1996,福建,13,0,0,2625,41.76,33.9,7.85,56.92,46.21,10.71,2484.25,8.063029083,38.01,40.05
1996,江西,14,1,0,1199,28.74,23.49,5.25,52.11,42.58,9.53,1409.74,9.35261112,39.69,38.98
1996,山东,15,0,0,6125,25.85,19.6,6.25,46.24,35.07,11.18,5883.8,6.1012203,34.82,37.51
1996,河南,16,1,0,2933,30.84,24.7,6.14,53.02,42.46,10.56,3634.69,7.023836971,42.83,52.29
1996,湖北,17,1,0,2195,31.97,25.78,6.19,50.28,40.55,9.73,2499.77,7.898426655,55.64,37.84
1996,湖南,18,1,0,2968,32.66,25.32,7.34,49.35,38.26,11.09,2540.13,8.572120325,46.42,31.42
1996,广东,19,0,0,9946,43.46,34.98,8.48,65.47,52.7,12.78,6834.97,8.796326831,45.95,38.37
1996,广西,20,0,1,1379,38.5,30.9,7.6,55.68,44.69,10.99,1697.9,9.247429177,36.03,33.61
1996,海南,21,0,0,235,40.17,33.39,6.79,62.68,52.1,10.58,389.68,11.59025354,49.76,36.2
1996,重庆,22,0,1,,,,,,,,,,,
1996,四川,23,0,1,3754,28.35,21.39,6.97,45.68,34.46,11.22,4186.77,2.378377604,52.66,28.7
1996,贵州,24,0,1,774,28.34,24.01,4.33,51.6,43.72,7.88,723.18,37.38965403,56.79,40.82
1996,云南,25,0,1,1290,36.05,29.65,6.4,53.73,44.2,9.54,1517.69,2.427755339,52.67,30.53
1996,西藏,26,0,1,10,19.28,16.36,2.92,62.76,53.23,9.52,64.98,187.4282856,52.13,32.41
1996,陕西,27,0,1,1790,29.62,24.53,5.09,53.59,44.38,9.21,1215.84,7.480737597,36.46,31.28
1996,甘肃,28,0,1,601,31.08,26.55,4.53,50.47,43.12,7.36,722.52,4.52783314,42.12,35.69
1996,青海,29,0,1,92,29.74,25.96,3.78,49.24,42.98,6.26,184.17,16.02845197,34.52,33.46
1996,宁夏,30,0,1,178,29.25,25.64,3.61,53.35,46.76,6.59,202.9,56.62345983,47.56,32.05
1996,新疆,31,0,1,713,30.33,25.97,4.36,50.16,42.95,7.21,900.93,13.69178516,46.68,27.79
1995,北京,1,0,0,6362,29.65,21.18,8.47,37.85,27.04,10.81,1507.69,10.24101772,36.99,33.63
1995,天津,2,0,0,1648,26.67,19.3,7.37,42.3,30.61,11.69,931.97,10.01441034,48.88,36.55
1995,河北,3,0,0,2707,30.09,24.5,5.59,53.65,43.68,9.97,2849.52,6.709277352,35.78,33.96
1995,山西,4,1,0,917,29.78,24.6,5.18,52.34,43.25,9.1,1076.03,10.49156622,21.61,42.91
1995,内蒙古,5,0,1,647,30.22,25.65,4.57,45.05,38.24,6.82,857.06,11.92191912,40.57,33.43
1995,辽宁,6,0,0,4449,31.96,23.85,8.11,40.15,29.96,10.19,2793.37,9.802965594,40.15,32.74
1995,吉林,7,1,0,1389,27.13,21.8,5.33,40.02,32.15,7.87,1137.23,10.63120037,36.55,27.75
1995,黑龙江,8,1,0,2569,28.63,23.95,4.68,38.95,32.59,6.36,1991.4,8.768148037,43.76,31.48
1995,上海,9,0,0,2456,29.15,17.49,11.66,40,24,16,2499.43,10.40246376,23.6,34.56
1995,江苏,10,0,0,4078,25.75,18.88,6.87,43.16,31.64,11.52,5155.25,4.917086465,42.6,36.45
1995,浙江,11,0,0,4042,27.67,19.79,7.87,43.66,31.23,12.42,3557.55,5.067838822,46.05,34.12
1995,安徽,12,1,0,1026,29,23.28,5.73,51.64,41.44,10.2,1810.66,7.504313344,38.49,37.9
1995,福建,13,0,0,1979,44.09,36.25,7.84,57.5,47.28,10.22,2094.9,8.190357535,42.62,37.16
1995,江西,14,1,0,1008,32.18,26.57,5.61,57.87,47.77,10.09,1169.73,9.432783634,34.85,35.61
1995,山东,15,0,0,4624,26.72,20.52,6.21,47.03,36.11,10.92,4953.35,5.56927332,45.19,48.92
1995,河南,16,1,0,2386,32.61,26.47,6.13,54.56,44.3,10.26,2988.37,6.936065481,56.62,37.03
1995,湖北,17,1,0,2004,33.08,27.38,5.7,54.73,45.31,9.43,2109.38,7.70034797,48.14,31.2
1995,湖南,18,1,0,2628,32.66,25.99,6.67,53.38,42.48,10.9,2132.13,8.158254891,47.97,37.05
1995,广东,19,0,0,7729,39.38,32,7.37,61.41,49.91,11.5,5933.05,8.859279797,36.62,33.38
1995,广西,20,0,1,1231,38.3,31.64,6.67,61.28,50.62,10.67,1497.56,9.387884292,51.15,35.9
1995,海南,21,0,0,183,36.15,30.14,6.01,61.56,51.32,10.24,363.25,11.66854783,42.33,30.01
1995,重庆,22,0,1,,,,,,,,,,,
1995,四川,23,0,1,3186,29.54,22.58,6.96,45.11,34.48,10.63,3566.27,2.39269601,57.69,39.92
1995,贵州,24,0,1,562,31.07,26.32,4.75,56.36,47.74,8.62,636.21,36.95309725,53.9,29.25
1995,云南,25,0,1,959,37.16,30.79,6.37,51.94,43.04,8.9,1222.15,2.853569529,51.99,31.7
1995,西藏,26,0,1,11,29.74,26.13,3.61,67.44,59.26,8.18,56.11,183.018535,41.05,33.26
1995,陕西,27,0,1,1721,28.63,23.9,4.73,52.91,44.16,8.74,1036.85,7.849814342,43.84,34.09
1995,甘肃,28,0,1,546,24.46,21.22,3.24,48.8,42.34,6.46,557.76,5.163887694,35.67,31.17
1995,青海,29,0,1,100,28.52,25.33,3.19,46.96,41.7,5.25,167.8,13.7045888,49.2,30.64
1995,宁夏,30,0,1,169,33.49,29.91,3.58,54.67,48.83,5.84,175.19,55.0271705,47.77,27.57
1995,新疆,31,0,1,609,31.29,27.32,3.98,53.44,46.65,6.79,814.85,14.0994048,35.74,31.96
1994,北京,1,0,0,6852,29.66,21.47,8.19,38.4,27.8,10.6,1145.31,10.03303729,48.78,36.23
1994,天津,2,0,0,1541,26.58,19.77,6.81,43.67,32.49,11.19,732.89,9.806429912,39.21,32.94
1994,河北,3,0,0,2642,30.76,24.92,5.84,50.12,40.61,9.51,2187.49,6.501296929,25.1,42.94
1994,山西,4,1,0,1031,29.64,24.42,5.23,51.28,42.24,9.04,826.66,10.2835858,41.87,32.18
1994,内蒙古,5,0,1,731,26.46,22.78,3.68,44.15,38,6.14,695.06,11.7139387,39.11,31.04
1994,辽宁,6,0,0,4608,28.98,22.4,6.58,40.45,31.27,9.18,2461.78,9.59498517,37.14,27.86
1994,吉林,7,1,0,1556,28.19,22.63,5.56,39.22,31.48,7.74,937.73,10.42321995,43.57,32.41
1994,黑龙江,8,1,0,2665,27.99,23.8,4.19,38.57,32.8,5.78,1604.9,8.560167613,17.13,36.9
1994,上海,9,0,0,2323,31.28,18.9,12.38,41.1,24.84,16.26,1990.86,10.19448334,43.43,36.09
1994,江苏,10,0,0,4007,27.95,20.49,7.46,44.55,32.66,11.89,4057.39,4.709106042,43.8,33.31
1994,浙江,11,0,0,3495,26.66,19.2,7.46,41.46,29.86,11.6,2689.28,4.859858398,41.75,34.84
1994,安徽,12,1,0,932,29.02,23.43,5.59,49.19,39.71,9.48,1320.43,7.296332921,41.11,36.92
1994,福建,13,0,0,1510,44.96,37.4,7.56,58.08,48.32,9.76,1644.39,7.982377112,37.61,34.05
1994,江西,14,1,0,1051,29.27,24.66,4.61,52.04,43.85,8.19,948.16,9.22480321,47.34,46.6
1994,山东,15,0,0,5092,26.14,20.68,5.46,47.47,37.56,9.91,3844.5,5.361292897,57.22,36.21
1994,河南,16,1,0,2281,32.63,26.84,5.79,55.48,45.64,9.85,2216.83,6.728085057,50.15,32.01
1994,湖北,17,1,0,1985,31.5,25.9,5.6,52.79,43.41,9.39,1700.92,7.492367546,49.24,36.46
1994,湖南,18,1,0,3004,31.82,25.73,6.09,50.56,40.88,9.68,1650.02,7.950274467,37.83,34.29
1994,广东,19,0,0,5883,46.48,37.75,8.73,63.26,51.38,11.88,4619.02,8.651299374,51.69,35.35
1994,广西,20,0,1,1274,40.07,33.34,6.73,58.48,48.66,9.82,1198.29,9.179903868,48.85,29.43
1994,海南,21,0,0,192,37.32,31.21,6.11,63.47,53.07,10.4,331.98,11.46056741,54.21,29.22
1994,重庆,22,0,1,,,,,,,,,,,
1994,四川,23,0,1,3449,28.28,22.04,6.24,44.48,34.67,9.81,2835.01,2.184715587,53.3,30.34
1994,贵州,24,0,1,550,38.12,32.94,5.19,57.12,49.35,7.77,524.46,36.74511682,51.09,32.5
1994,云南,25,0,1,883,39.42,33.11,6.31,55.31,46.45,8.85,983.78,2.645589106,42.91,29.51
1994,西藏,26,0,1,16,22.97,18.97,4,62.02,51.21,10.81,45.99,182.8105546,40.91,36.26
1994,陕西,27,0,1,2002,28.62,24.14,4.48,50.54,42.62,7.91,839.03,7.641833918,39.07,29.74
1994,甘肃,28,0,1,537,26.61,22.87,3.74,48.87,41.99,6.87,453.61,4.95590727,48.94,29.53
1994,青海,29,0,1,121,34.05,30.16,3.89,52.56,46.56,6,138.4,13.49660837,46.03,29.25
1994,宁夏,30,0,1,164,35.04,31.4,3.64,55.25,49.51,5.73,136.26,54.81919008,37.76,31.41
1994,新疆,31,0,1,608,49.3,43.54,5.77,65.19,57.56,7.63,662.32,13.89142437,40.55,33.33
1993,北京,1,0,0,6972,30.76,22.36,8.4,36.76,26.72,10.03,886.21,9.825056869,36.84,34.47
1993,天津,2,0,0,1850,29.01,21.46,7.55,45.6,33.73,11.87,538.94,9.598449488,25.38,45.12
1993,河北,3,0,0,2803,35.56,28.86,6.69,51.86,42.1,9.76,1690.84,6.293316505,41.5,32.82
1993,山西,4,1,0,1050,35.21,29.07,6.14,50.37,41.58,8.79,680.41,10.07560537,39.05,30.71
1993,内蒙古,5,0,1,601,30.73,26.35,4.37,45.98,39.44,6.54,537.81,11.50595827,37.12,30.94
1993,辽宁,6,0,0,4793,32.77,25.04,7.73,40.44,30.9,9.54,2010.82,9.387004747,41.57,33.99
1993,吉林,7,1,0,1683,32.13,26.25,5.88,41.61,34,7.62,718.58,10.21523953,14.67,36.42
1993,黑龙江,8,1,0,2733,26.88,23.08,3.8,39.29,33.74,5.55,1198.3,8.35218719,43.86,34.28
1993,上海,9,0,0,2294,32.11,19.65,12.46,41.51,25.4,16.11,1519.23,9.986502915,42.97,33.54
1993,江苏,10,0,0,4170,27.86,21.34,6.51,45.14,34.59,10.55,2998.16,4.501125618,43.89,35.86
1993,浙江,11,0,0,3343,27.27,20.01,7.26,40.7,29.87,10.83,1925.91,4.651877975,43.65,36.41
1993,安徽,12,1,0,1041,35.11,28.74,6.37,50.48,41.33,9.15,1037.14,7.088352497,41.41,32.98
1993,福建,13,0,0,1271,44.05,36.89,7.15,57.27,47.97,9.3,1114.2,7.774396688,48.78,44.3
1993,江西,14,1,0,998,29.91,24.88,5.02,54.62,45.45,9.18,723.04,9.016822787,56.79,35.85
1993,山东,15,0,0,4691,28.13,22.25,5.88,49.3,39,10.3,2770.37,5.153312473,44.83,35.06
1993,河南,16,1,0,2299,31.48,25.85,5.62,56.62,46.5,10.12,1660.18,6.520104634,49.04,35.91
1993,湖北,17,1,0,1950,39.55,32.98,6.57,53.01,44.21,8.8,1325.83,7.284387123,36.18,33.73
1993,湖南,18,1,0,3173,35.17,28.34,6.83,50.62,40.79,9.84,1244.71,7.742294044,50.37,36.42
1993,广东,19,0,0,5020,41.68,34.21,7.47,65.66,53.89,11.77,3469.28,8.44331895,46.05,30.5
1993,广西,20,0,1,1202,35,29.45,5.54,59.79,50.32,9.47,871.7,8.971923445,51.38,31.22
1993,海南,21,0,0,184,43.68,37.64,6.04,66.02,56.89,9.13,260.41,11.25258699,60.79,36.14
1993,重庆,22,0,1,,,,,,,,,,,
1993,四川,23,0,1,3464,30.75,23.46,7.29,41.82,31.9,9.92,2094.61,1.976735163,47.5,33.41
1993,贵州,24,0,1,500,34.56,29.77,4.79,54.6,47.03,7.57,417.69,36.5371364,41.56,29.67
1993,云南,25,0,1,729,42.08,35.49,6.6,56.5,47.64,8.86,783.27,2.437608682,37.16,38
1993,西藏,26,0,1,10,33.36,28.14,5.22,68.03,57.39,10.64,37.42,182.6025742,34.83,30.1
1993,陕西,27,0,1,2474,35.4,29.71,5.69,53.64,45.02,8.62,678.2,7.433853495,45.49,30.17
1993,甘肃,28,0,1,609,30.99,26.8,4.19,49.34,42.67,6.67,372.24,4.747926847,42.6,29.74
1993,青海,29,0,1,129,29.35,26.29,3.06,47.65,42.68,4.97,109.68,13.28862795,34.16,33.02
1993,宁夏,30,0,1,214,35.8,31.95,3.84,55.11,49.19,5.92,104.49,54.61120965,40.85,31.31
1993,新疆,31,0,1,642,34.5,30.19,4.31,61.98,54.23,7.75,495.25,13.68344395,44.96,36.01
1992,北京,1,0,0,6316,21.82,15.71,6.11,39.73,28.6,11.12,709.1,9.617076446,20.69,50.33
1992,天津,2,0,0,1767,26.89,20.43,6.46,44.79,34.02,10.76,411.04,9.390469065,39.17,32.92
1992,河北,3,0,0,2499,37.46,30.7,6.76,54.72,44.85,9.87,1278.5,6.085336082,37.51,30.89
1992,山西,4,1,0,962,33.27,27.37,5.9,53.26,43.81,9.45,551.12,9.86762495,35.92,28.43
1992,内蒙古,5,0,1,510,29.59,25.44,4.15,47.54,40.88,6.66,420.7,11.29797785,35.4,34.4
1992,辽宁,6,0,0,4694,30.24,23.44,6.8,41.6,32.25,9.35,1473,9.179024323,13.4,36.77
1992,吉林,7,1,0,1539,30.56,25.19,5.37,43.49,35.84,7.65,558.1,10.0072591,43.65,34.39
1992,黑龙江,8,1,0,2327,34.99,30.38,4.61,45.84,39.8,6.04,959.7,8.144206766,40.49,36.17
1992,上海,9,0,0,2186,30,18.88,11.12,42.64,26.83,15.81,1114.32,9.778522491,41.49,35.77
1992,江苏,10,0,0,4218,25.07,19.06,6.01,44.69,33.98,10.71,2139.02,4.293145195,40.96,37.02
1992,浙江,11,0,0,3194,27,20.12,6.88,41.78,31.13,10.65,1375.7,4.443897551,36.7,34.84
1992,安徽,12,1,0,931,33.66,27.64,6.02,51.64,42.4,9.24,801.2,6.880372074,41.56,29.67
1992,福建,13,0,0,928,42.73,36.34,6.38,58.05,49.37,8.67,784.68,7.566416265,37.16,38
1992,江西,14,1,0,954,29.54,24.85,4.69,57.92,48.73,9.19,572.55,8.808842364,34.83,30.1
1992,山东,15,0,0,4445,28.79,22.88,5.91,49.7,39.5,10.21,2196.53,4.94533205,45.49,30.17
1992,河南,16,1,0,1998,29.13,24.21,4.91,56.56,47.02,9.54,1279.75,6.31212421,42.6,29.74
1992,湖北,17,1,0,1806,37.62,30.87,6.75,54.17,44.45,9.71,1088.39,7.076406699,34.16,33.02
1992,湖南,18,1,0,3342,34.01,27.89,6.12,50.39,41.32,9.07,986.98,7.53431362,40.85,31.31
1992,广东,19,0,0,4656,35.38,28.89,6.48,60.2,49.17,11.03,2447.54,8.235338527,44.96,36.01
1992,广西,20,0,1,945,32.45,27.35,5.1,62.48,52.67,9.81,646.6,8.763943021,28.99,34.97
1992,海南,21,0,0,159,41.99,35.71,6.28,64.87,55.17,9.7,184.92,11.04460656,20.69,50.33
1992,重庆,22,0,1,,,,,,,,,,,
1992,四川,23,0,1,3410,29.05,22.5,6.55,40.77,31.58,9.19,1597.45,1.76875474,37.51,30.89
1992,贵州,24,0,1,433,32.01,27.61,4.4,55.4,47.78,7.62,339.91,36.32915598,35.92,28.43
1992,云南,25,0,1,695,42.72,36.3,6.42,53.99,45.87,8.12,618.69,2.229628259,35.4,34.4
1992,西藏,26,0,1,7,33.48,28.04,5.44,61.47,51.48,9.99,33.29,182.3945938,13.4,36.77
1992,陕西,27,0,1,2167,35.59,29.96,5.63,55.79,46.96,8.82,531.63,7.225873071,43.65,34.39
1992,甘肃,28,0,1,539,31.06,26.87,4.19,49.16,42.53,6.63,317.79,4.539946423,40.49,36.17
1992,青海,29,0,1,95,29.44,26.46,2.99,50.4,45.29,5.11,87.52,13.08064753,41.49,35.77
1992,宁夏,30,0,1,173,33.43,29.99,3.44,56.65,50.81,5.83,83.14,54.40322923,40.96,37.02
1992,新疆,31,0,1,502,36.05,31.96,4.09,58.61,51.96,6.65,402.31,13.47546353,36.7,34.84
